<Objs Version="1.1.0.1" xmlns="http://schemas.microsoft.com/powershell/2004/04">
  <Obj RefId="0">
    <TN RefId="0">
      <T>Microsoft.PowerShell.Commands.PSRepositoryItemInfo</T>
      <T>System.Management.Automation.PSCustomObject</T>
      <T>System.Object</T>
    </TN>
    <MS>
      <S N="Name">SqlServerDsc</S>
      <Version N="Version">17.3.0</Version>
      <S N="Type">Module</S>
      <S N="Description">This module contains commands and DSC resources for deployment and configuration of Microsoft SQL Server, SQL Server Reporting Services and Power BI Report Server.</S>
      <S N="Author">DSC Community</S>
      <Obj N="CompanyName" RefId="1">
        <TN RefId="1">
          <T>System.Object[]</T>
          <T>System.Array</T>
          <T>System.Object</T>
        </TN>
        <LST>
          <S>PowerShellTeam</S>
          <S>gaelcolas</S>
          <S>dsccommunity</S>
        </LST>
      </Obj>
      <S N="Copyright">Copyright the DSC Community contributors. All rights reserved.</S>
      <DT N="PublishedDate">2025-12-01T08:28:27+00:00</DT>
      <Obj N="InstalledDate" RefId="2">
        <DT>2026-01-13T15:26:40.6644176+00:00</DT>
        <MS>
          <Obj N="DisplayHint" RefId="3">
            <TN RefId="2">
              <T>Microsoft.PowerShell.Commands.DisplayHintType</T>
              <T>System.Enum</T>
              <T>System.ValueType</T>
              <T>System.Object</T>
            </TN>
            <ToString>DateTime</ToString>
            <I32>2</I32>
          </Obj>
        </MS>
      </Obj>
      <Nil N="UpdatedDate" />
      <URI N="LicenseUri">https://github.com/dsccommunity/SqlServerDsc/blob/main/LICENSE</URI>
      <URI N="ProjectUri">https://github.com/dsccommunity/SqlServerDsc</URI>
      <URI N="IconUri">https://dsccommunity.org/images/DSC_Logo_300p.png</URI>
      <Obj N="Tags" RefId="4">
        <TNRef RefId="1" />
        <LST>
          <S>DesiredStateConfiguration</S>
          <S>DSC</S>
          <S>DSCResourceKit</S>
          <S>DSCResource</S>
          <S>SqlServer</S>
          <S>PowerBI</S>
          <S>ReportingServices</S>
          <S>ReportServer</S>
          <S>PSModule</S>
        </LST>
      </Obj>
      <Obj N="Includes" RefId="5">
        <TN RefId="3">
          <T>System.Collections.Hashtable</T>
          <T>System.Object</T>
        </TN>
        <DCT>
          <En>
            <S N="Key">Workflow</S>
            <Obj N="Value" RefId="6">
              <TNRef RefId="1" />
              <LST />
            </Obj>
          </En>
          <En>
            <S N="Key">Command</S>
            <Obj N="Value" RefId="7">
              <TNRef RefId="1" />
              <LST>
                <S>Add-SqlDscFileGroup</S>
                <S>Add-SqlDscNode</S>
                <S>Add-SqlDscTraceFlag</S>
                <S>Assert-SqlDscAgentOperator</S>
                <S>Assert-SqlDscLogin</S>
                <S>Complete-SqlDscFailoverCluster</S>
                <S>Complete-SqlDscImage</S>
                <S>Connect-SqlDscDatabaseEngine</S>
                <S>ConvertFrom-SqlDscDatabasePermission</S>
                <S>ConvertFrom-SqlDscServerPermission</S>
                <S>ConvertTo-SqlDscDatabasePermission</S>
                <S>ConvertTo-SqlDscDataFile</S>
                <S>ConvertTo-SqlDscEditionName</S>
                <S>ConvertTo-SqlDscFileGroup</S>
                <S>ConvertTo-SqlDscServerPermission</S>
                <S>Deny-SqlDscServerPermission</S>
                <S>Disable-SqlDscAgentOperator</S>
                <S>Disable-SqlDscAudit</S>
                <S>Disable-SqlDscDatabaseSnapshotIsolation</S>
                <S>Disable-SqlDscLogin</S>
                <S>Disconnect-SqlDscDatabaseEngine</S>
                <S>Enable-SqlDscAgentOperator</S>
                <S>Enable-SqlDscAudit</S>
                <S>Enable-SqlDscDatabaseSnapshotIsolation</S>
                <S>Enable-SqlDscLogin</S>
                <S>Get-SqlDscAgentAlert</S>
                <S>Get-SqlDscAgentOperator</S>
                <S>Get-SqlDscAudit</S>
                <S>Get-SqlDscCompatibilityLevel</S>
                <S>Get-SqlDscConfigurationOption</S>
                <S>Get-SqlDscDatabase</S>
                <S>Get-SqlDscDatabasePermission</S>
                <S>Get-SqlDscInstalledInstance</S>
                <S>Get-SqlDscLogin</S>
                <S>Get-SqlDscManagedComputer</S>
                <S>Get-SqlDscManagedComputerInstance</S>
                <S>Get-SqlDscManagedComputerService</S>
                <S>Get-SqlDscPreferredModule</S>
                <S>Get-SqlDscRole</S>
                <S>Get-SqlDscRSSetupConfiguration</S>
                <S>Get-SqlDscServerPermission</S>
                <S>Get-SqlDscServerProtocol</S>
                <S>Get-SqlDscServerProtocolName</S>
                <S>Get-SqlDscSetupLog</S>
                <S>Get-SqlDscStartupParameter</S>
                <S>Get-SqlDscTraceFlag</S>
                <S>Grant-SqlDscServerPermission</S>
                <S>Import-SqlDscPreferredModule</S>
                <S>Initialize-SqlDscRebuildDatabase</S>
                <S>Install-SqlDscBIReportServer</S>
                <S>Install-SqlDscReportingService</S>
                <S>Install-SqlDscServer</S>
                <S>Invoke-SqlDscQuery</S>
                <S>New-SqlDscAgentAlert</S>
                <S>New-SqlDscAgentOperator</S>
                <S>New-SqlDscAudit</S>
                <S>New-SqlDscDatabase</S>
                <S>New-SqlDscDatabaseSnapshot</S>
                <S>New-SqlDscDataFile</S>
                <S>New-SqlDscFileGroup</S>
                <S>New-SqlDscLogin</S>
                <S>New-SqlDscRole</S>
                <S>Remove-SqlDscAgentAlert</S>
                <S>Remove-SqlDscAgentOperator</S>
                <S>Remove-SqlDscAudit</S>
                <S>Remove-SqlDscDatabase</S>
                <S>Remove-SqlDscLogin</S>
                <S>Remove-SqlDscNode</S>
                <S>Remove-SqlDscRole</S>
                <S>Remove-SqlDscTraceFlag</S>
                <S>Repair-SqlDscBIReportServer</S>
                <S>Repair-SqlDscReportingService</S>
                <S>Repair-SqlDscServer</S>
                <S>Revoke-SqlDscServerPermission</S>
                <S>Save-SqlDscSqlServerMediaFile</S>
                <S>Set-SqlDscAgentAlert</S>
                <S>Set-SqlDscAgentOperator</S>
                <S>Set-SqlDscAudit</S>
                <S>Set-SqlDscConfigurationOption</S>
                <S>Set-SqlDscDatabaseDefault</S>
                <S>Set-SqlDscDatabaseOwner</S>
                <S>Set-SqlDscDatabasePermission</S>
                <S>Set-SqlDscDatabaseProperty</S>
                <S>Set-SqlDscServerPermission</S>
                <S>Set-SqlDscStartupParameter</S>
                <S>Set-SqlDscTraceFlag</S>
                <S>Test-SqlDscAgentAlertProperty</S>
                <S>Test-SqlDscConfigurationOption</S>
                <S>Test-SqlDscDatabaseProperty</S>
                <S>Test-SqlDscIsAgentAlert</S>
                <S>Test-SqlDscIsAgentOperator</S>
                <S>Test-SqlDscIsDatabase</S>
                <S>Test-SqlDscIsDatabasePrincipal</S>
                <S>Test-SqlDscIsLogin</S>
                <S>Test-SqlDscIsLoginEnabled</S>
                <S>Test-SqlDscIsRole</S>
                <S>Test-SqlDscIsSupportedFeature</S>
                <S>Test-SqlDscRSInstalled</S>
                <S>Test-SqlDscServerPermission</S>
                <S>Uninstall-SqlDscBIReportServer</S>
                <S>Uninstall-SqlDscReportingService</S>
                <S>Uninstall-SqlDscServer</S>
              </LST>
            </Obj>
          </En>
          <En>
            <S N="Key">Function</S>
            <Obj N="Value" RefId="8">
              <TNRef RefId="1" />
              <LST>
                <S>Add-SqlDscFileGroup</S>
                <S>Add-SqlDscNode</S>
                <S>Add-SqlDscTraceFlag</S>
                <S>Assert-SqlDscAgentOperator</S>
                <S>Assert-SqlDscLogin</S>
                <S>Complete-SqlDscFailoverCluster</S>
                <S>Complete-SqlDscImage</S>
                <S>Connect-SqlDscDatabaseEngine</S>
                <S>ConvertFrom-SqlDscDatabasePermission</S>
                <S>ConvertFrom-SqlDscServerPermission</S>
                <S>ConvertTo-SqlDscDatabasePermission</S>
                <S>ConvertTo-SqlDscDataFile</S>
                <S>ConvertTo-SqlDscEditionName</S>
                <S>ConvertTo-SqlDscFileGroup</S>
                <S>ConvertTo-SqlDscServerPermission</S>
                <S>Deny-SqlDscServerPermission</S>
                <S>Disable-SqlDscAgentOperator</S>
                <S>Disable-SqlDscAudit</S>
                <S>Disable-SqlDscDatabaseSnapshotIsolation</S>
                <S>Disable-SqlDscLogin</S>
                <S>Disconnect-SqlDscDatabaseEngine</S>
                <S>Enable-SqlDscAgentOperator</S>
                <S>Enable-SqlDscAudit</S>
                <S>Enable-SqlDscDatabaseSnapshotIsolation</S>
                <S>Enable-SqlDscLogin</S>
                <S>Get-SqlDscAgentAlert</S>
                <S>Get-SqlDscAgentOperator</S>
                <S>Get-SqlDscAudit</S>
                <S>Get-SqlDscCompatibilityLevel</S>
                <S>Get-SqlDscConfigurationOption</S>
                <S>Get-SqlDscDatabase</S>
                <S>Get-SqlDscDatabasePermission</S>
                <S>Get-SqlDscInstalledInstance</S>
                <S>Get-SqlDscLogin</S>
                <S>Get-SqlDscManagedComputer</S>
                <S>Get-SqlDscManagedComputerInstance</S>
                <S>Get-SqlDscManagedComputerService</S>
                <S>Get-SqlDscPreferredModule</S>
                <S>Get-SqlDscRole</S>
                <S>Get-SqlDscRSSetupConfiguration</S>
                <S>Get-SqlDscServerPermission</S>
                <S>Get-SqlDscServerProtocol</S>
                <S>Get-SqlDscServerProtocolName</S>
                <S>Get-SqlDscSetupLog</S>
                <S>Get-SqlDscStartupParameter</S>
                <S>Get-SqlDscTraceFlag</S>
                <S>Grant-SqlDscServerPermission</S>
                <S>Import-SqlDscPreferredModule</S>
                <S>Initialize-SqlDscRebuildDatabase</S>
                <S>Install-SqlDscBIReportServer</S>
                <S>Install-SqlDscReportingService</S>
                <S>Install-SqlDscServer</S>
                <S>Invoke-SqlDscQuery</S>
                <S>New-SqlDscAgentAlert</S>
                <S>New-SqlDscAgentOperator</S>
                <S>New-SqlDscAudit</S>
                <S>New-SqlDscDatabase</S>
                <S>New-SqlDscDatabaseSnapshot</S>
                <S>New-SqlDscDataFile</S>
                <S>New-SqlDscFileGroup</S>
                <S>New-SqlDscLogin</S>
                <S>New-SqlDscRole</S>
                <S>Remove-SqlDscAgentAlert</S>
                <S>Remove-SqlDscAgentOperator</S>
                <S>Remove-SqlDscAudit</S>
                <S>Remove-SqlDscDatabase</S>
                <S>Remove-SqlDscLogin</S>
                <S>Remove-SqlDscNode</S>
                <S>Remove-SqlDscRole</S>
                <S>Remove-SqlDscTraceFlag</S>
                <S>Repair-SqlDscBIReportServer</S>
                <S>Repair-SqlDscReportingService</S>
                <S>Repair-SqlDscServer</S>
                <S>Revoke-SqlDscServerPermission</S>
                <S>Save-SqlDscSqlServerMediaFile</S>
                <S>Set-SqlDscAgentAlert</S>
                <S>Set-SqlDscAgentOperator</S>
                <S>Set-SqlDscAudit</S>
                <S>Set-SqlDscConfigurationOption</S>
                <S>Set-SqlDscDatabaseDefault</S>
                <S>Set-SqlDscDatabaseOwner</S>
                <S>Set-SqlDscDatabasePermission</S>
                <S>Set-SqlDscDatabaseProperty</S>
                <S>Set-SqlDscServerPermission</S>
                <S>Set-SqlDscStartupParameter</S>
                <S>Set-SqlDscTraceFlag</S>
                <S>Test-SqlDscAgentAlertProperty</S>
                <S>Test-SqlDscConfigurationOption</S>
                <S>Test-SqlDscDatabaseProperty</S>
                <S>Test-SqlDscIsAgentAlert</S>
                <S>Test-SqlDscIsAgentOperator</S>
                <S>Test-SqlDscIsDatabase</S>
                <S>Test-SqlDscIsDatabasePrincipal</S>
                <S>Test-SqlDscIsLogin</S>
                <S>Test-SqlDscIsLoginEnabled</S>
                <S>Test-SqlDscIsRole</S>
                <S>Test-SqlDscIsSupportedFeature</S>
                <S>Test-SqlDscRSInstalled</S>
                <S>Test-SqlDscServerPermission</S>
                <S>Uninstall-SqlDscBIReportServer</S>
                <S>Uninstall-SqlDscReportingService</S>
                <S>Uninstall-SqlDscServer</S>
              </LST>
            </Obj>
          </En>
          <En>
            <S N="Key">Cmdlet</S>
            <Ref N="Value" RefId="6" />
          </En>
          <En>
            <S N="Key">RoleCapability</S>
            <Ref N="Value" RefId="6" />
          </En>
          <En>
            <S N="Key">DscResource</S>
            <Obj N="Value" RefId="9">
              <TNRef RefId="1" />
              <LST>
                <S>SqlAgentAlert</S>
                <S>SqlAudit</S>
                <S>SqlDatabasePermission</S>
                <S>SqlPermission</S>
                <S>SqlRSSetup</S>
                <S>SqlAG</S>
                <S>SqlAGDatabase</S>
                <S>SqlAgentFailsafe</S>
                <S>SqlAgentOperator</S>
                <S>SqlAGListener</S>
                <S>SqlAGReplica</S>
                <S>SqlAlias</S>
                <S>SqlAlwaysOnService</S>
                <S>SqlConfiguration</S>
                <S>SqlDatabase</S>
                <S>SqlDatabaseDefaultLocation</S>
                <S>SqlDatabaseMail</S>
                <S>SqlDatabaseObjectPermission</S>
                <S>SqlDatabaseRole</S>
                <S>SqlDatabaseUser</S>
                <S>SqlEndpoint</S>
                <S>SqlEndpointPermission</S>
                <S>SqlLogin</S>
                <S>SqlMaxDop</S>
                <S>SqlMemory</S>
                <S>SqlProtocol</S>
                <S>SqlProtocolTcpIp</S>
                <S>SqlReplication</S>
                <S>SqlRole</S>
                <S>SqlRS</S>
                <S>SqlScript</S>
                <S>SqlScriptQuery</S>
                <S>SqlSecureConnection</S>
                <S>SqlServiceAccount</S>
                <S>SqlSetup</S>
                <S>SqlTraceFlag</S>
                <S>SqlWaitForAG</S>
                <S>SqlWindowsFirewall</S>
              </LST>
            </Obj>
          </En>
        </DCT>
      </Obj>
      <Nil N="PowerShellGetFormatVersion" />
      <S N="ReleaseNotes">## [17.3.0] - 2025-11-30_x000A__x000A_### Removed_x000A__x000A_- BREAKING CHANGE: Removed public command `Test-SqlDscDatabase`. Use_x000A_  `Test-SqlDscIsDatabase` to check existence. For property checks, use_x000A_  `Test-SqlDscDatabaseProperty`. See [issue #2201](https://github.com/dsccommunity/SqlServerDsc/issues/2201)._x000A_- BREAKING CHANGE: `Set-SqlDscDatabase`_x000A_  - Removed parameter `OwnerName` [issue #2177](https://github.com/dsccommunity/SqlServerDsc/issues/2177)._x000A_    Use the new command `Set-SqlDscDatabaseOwner` to change database ownership instead._x000A_- BREAKING CHANGE: `Set-SqlDscDatabaseProperty`_x000A_  - Removed parameters `AzureEdition` and `AzureServiceObjective`. Azure SQL Database_x000A_    service tier and SLO changes should be managed using `Set-AzSqlDatabase` from the_x000A_    Azure PowerShell module instead. See [issue #2177](https://github.com/dsccommunity/SqlServerDsc/issues/2177)._x000A_  - Removed parameter `DatabaseSnapshotBaseName`. Database snapshots should be_x000A_    created using the `New-SqlDscDatabaseSnapshot`, or the `New-SqlDscDatabase`_x000A_    command with the `-DatabaseSnapshotBaseName` parameter._x000A_  - Removed parameter `DefaultSchema`. Default schema is a user-level property,_x000A_    not a database-level property. See [issue #2177](https://github.com/dsccommunity/SqlServerDsc/issues/2177)._x000A_  - Removed parameter `IsLedger`. Ledger status is read-only after database creation._x000A_    Use `New-SqlDscDatabase` with the `-IsLedger` parameter to create ledger databases_x000A_    [issue #2351](https://github.com/dsccommunity/SqlServerDsc/issues/2351)._x000A__x000A_### Added_x000A__x000A_- Added public command `Enable-SqlDscDatabaseSnapshotIsolation` to enable snapshot_x000A_  isolation for a database in a SQL Server Database Engine instance. This command_x000A_  uses the SMO `SetSnapshotIsolation()` method to enable row-versioning and snapshot_x000A_  isolation settings to optimize concurrency and consistency ([issue #2329](https://github.com/dsccommunity/SqlServerDsc/issues/2329))._x000A_- Added public command `Disable-SqlDscDatabaseSnapshotIsolation` to disable snapshot_x000A_  isolation for a database in a SQL Server Database Engine instance. This command_x000A_  uses the SMO `SetSnapshotIsolation()` method to disable row-versioning and snapshot_x000A_  isolation settings ([issue #2329](https://github.com/dsccommunity/SqlServerDsc/issues/2329))._x000A_- Added public command `New-SqlDscDatabaseSnapshot` to create database snapshots_x000A_  in a SQL Server Database Engine instance using SMO. This command provides an_x000A_  automated and DSC-friendly approach to snapshot management by leveraging_x000A_  `New-SqlDscDatabase` for the actual creation. The command now supports `FileGroup`_x000A_  and `DataFile` parameters to allow control over snapshot file placement and_x000A_  structure ([issue #2341](https://github.com/dsccommunity/SqlServerDsc/issues/2341))._x000A_- Added public command `New-SqlDscFileGroup` to create FileGroup objects for SQL_x000A_  Server databases. This command simplifies creating FileGroup objects that can be_x000A_  used with `New-SqlDscDatabase` and other database-related commands. The `Database`_x000A_  parameter is optional, allowing FileGroup objects to be created standalone and_x000A_  added to a Database later using `Add-SqlDscFileGroup`._x000A_- Added public command `New-SqlDscDataFile` to create DataFile objects for SQL_x000A_  Server FileGroups. This command simplifies creating DataFile objects with_x000A_  specified physical file paths, supporting both regular database files (.mdf, .ndf)_x000A_  and sparse files for database snapshots (.ss). The `FileGroup` parameter is_x000A_  mandatory, requiring DataFile objects to be created with an associated FileGroup._x000A_- Added public command `Add-SqlDscFileGroup` to add one or more FileGroup objects_x000A_  to a Database. This command provides a clean way to associate FileGroup objects_x000A_  with a Database after they have been created._x000A_- Added public command `ConvertTo-SqlDscDataFile` to convert `DatabaseFileSpec`_x000A_  objects to SMO DataFile objects._x000A_- Added public command `ConvertTo-SqlDscFileGroup` to convert `DatabaseFileGroupSpec`_x000A_  objects to SMO FileGroup objects._x000A_- Added class `DatabaseFileSpec` to define data file specifications without requiring_x000A_  a database or SMO context._x000A_- Added class `DatabaseFileGroupSpec` to define file group specifications with_x000A_  associated data files without requiring a database or SMO context._x000A_- `New-SqlDscDatabase`_x000A_  - Added `FileGroup` and `DataFile` parameters to allow specifying custom file_x000A_    locations and structure. These parameters apply to both regular databases and_x000A_    database snapshots, enabling control over file placement for snapshots (sparse_x000A_    files) and custom filegroup/datafile configuration for regular databases_x000A_    ([issue #2341](https://github.com/dsccommunity/SqlServerDsc/issues/2341))._x000A_  - Added `IsLedger` parameter to support creating ledger databases at creation time._x000A_    Ledger status is read-only after database creation and can only be set when_x000A_    creating a new database ([issue #2351](https://github.com/dsccommunity/SqlServerDsc/issues/2351))._x000A_- Added public command `Set-SqlDscDatabaseOwner` to change the owner of a SQL Server_x000A_  database [issue #2177](https://github.com/dsccommunity/SqlServerDsc/issues/2177)._x000A_  This command uses the SMO `SetOwner()` method and supports both `ServerObject`_x000A_  and `DatabaseObject` parameter sets. This replaces the ownership changes_x000A_  previously done via the `OwnerName` parameter in `Set-SqlDscDatabase`._x000A_- Added public command `Test-SqlDscIsDatabase` to test if a database exists on a_x000A_  SQL Server Database Engine instance ([issue #2201](https://github.com/dsccommunity/SqlServerDsc/issues/2201))._x000A_- Added public command `Get-SqlDscSetupLog` to retrieve SQL Server setup bootstrap_x000A_  logs (Summary.txt) from the most recent setup operation. This command can be used_x000A_  interactively for troubleshooting or within integration tests to help diagnose_x000A_  setup failures. Integration tests have been updated to use this command instead_x000A_  of duplicated error handling code [issue #2311](https://github.com/dsccommunity/SqlServerDsc/issues/2311)._x000A_- Added script `Remove-SqlServerFromCIImage.ps1` to remove pre-installed SQL Server_x000A_  components from Microsoft Hosted agents that conflict with PrepareImage operations._x000A_  The script is now run automatically in the CI pipeline before PrepareImage tests_x000A_  to resolve Sysprep compatibility errors [issue #2212](https://github.com/dsccommunity/SqlServerDsc/issues/2212)._x000A_- Added integration tests for `Complete-SqlDscImage` command to ensure command_x000A_  reliability in prepared image installation workflows. The test runs in a separate_x000A_  pipeline job `Integration_Test_Commands_SqlServer_PreparedImage` with its own CI_x000A_  worker, and verifies the completion of SQL Server instances prepared using_x000A_  `Install-SqlDscServer` with the `-PrepareImage` parameter. The test includes_x000A_  scenarios with minimal parameters and various service account/directory_x000A_  configurations [issue #2212](https://github.com/dsccommunity/SqlServerDsc/issues/2212)._x000A_- Added integration test for `Install-SqlDscServer` with the `-PrepareImage`_x000A_  parameter set to support the prepared image installation workflow. This test_x000A_  (`Install-SqlDscServer.Integration.PrepareImage.Tests.ps1`) runs in the_x000A_  `Integration_Test_Commands_SqlServer_PreparedImage` pipeline job and prepares_x000A_  a DSCSQLTEST instance that is later completed by `Complete-SqlDscImage` tests_x000A_  [issue #2212](https://github.com/dsccommunity/SqlServerDsc/issues/2212)._x000A_- Added integration tests for `Initialize-SqlDscRebuildDatabase` command to ensure_x000A_  command reliability. The test runs in group 8, alongside `Repair-SqlDscServer`,_x000A_  to verify the rebuild database functionality on the DSCSQLTEST instance_x000A_  [issue #2242](https://github.com/dsccommunity/SqlServerDsc/issues/2242)._x000A_- Added integration tests for `Repair-SqlDscServer` command to ensure command_x000A_  reliability. The test runs in group 8, before `Uninstall-SqlDscServer` in_x000A_  group 9, to verify the repair functionality on the DSCSQLTEST instance_x000A_  [issue #2238](https://github.com/dsccommunity/SqlServerDsc/issues/2238)._x000A_- Added integration tests for `ConvertTo-SqlDscServerPermission` command to ensure_x000A_  command reliability [issue #2207](https://github.com/dsccommunity/SqlServerDsc/issues/2207)._x000A_- Added post-installation configuration integration test to configure SSL certificate_x000A_  support for SQL Server instance DSCSQLTEST in CI environment, enabling testing_x000A_  of encryption-related functionality. The new `PostInstallationConfiguration`_x000A_  integration test includes:_x000A_  - Self-signed SSL certificate creation and installation_x000A_  - Certificate configuration for SQL Server Database Engine_x000A_  - Service account permissions for certificate private key access_x000A_  - Certificate trust chain configuration_x000A_  - Verification that encryption is properly configured_x000A_  - Enabled previously skipped encryption tests in `Invoke-SqlDscQuery`_x000A_  - Added integration tests for `Connect-SqlDscDatabaseEngine` command to verify_x000A_    the `-Encrypt` parameter functionality_x000A_  [issue #2290](https://github.com/dsccommunity/SqlServerDsc/issues/2290)._x000A_- Added integration tests for `Get-SqlDscDatabasePermission` command to ensure_x000A_  database permission retrieval functions correctly in real environments_x000A_  [issue #2221](https://github.com/dsccommunity/SqlServerDsc/issues/2221)._x000A_- Added integration tests for `Get-SqlDscManagedComputer` command to ensure it_x000A_  functions correctly in real environments_x000A_  [issue #2220](https://github.com/dsccommunity/SqlServerDsc/issues/2220)._x000A_- Added integration tests for `Remove-SqlDscAudit` command to ensure it functions_x000A_  correctly in real environments_x000A_  [issue #2241](https://github.com/dsccommunity/SqlServerDsc/issues/2241)._x000A_- Added integration tests for `ConvertFrom-SqlDscDatabasePermission` command to_x000A_  ensure it functions correctly in real environments_x000A_  [issue #2211](https://github.com/dsccommunity/SqlServerDsc/issues/2211)._x000A_- Added integration tests for `Get-SqlDscStartupParameter` command to ensure it_x000A_  functions correctly in real environments_x000A_  [issue #2217](https://github.com/dsccommunity/SqlServe</S>
      <Obj N="Dependencies" RefId="10">
        <TNRef RefId="1" />
        <LST />
      </Obj>
      <S N="RepositorySourceLocation">https://www.powershellgallery.com/api/v2</S>
      <S N="Repository">PSGallery</S>
      <S N="PackageManagementProvider">NuGet</S>
      <Obj N="AdditionalMetadata" RefId="11">
        <TN RefId="4">
          <T>System.Management.Automation.PSCustomObject</T>
          <T>System.Object</T>
        </TN>
        <MS>
          <S N="copyright">Copyright the DSC Community contributors. All rights reserved.</S>
          <S N="description">This module contains commands and DSC resources for deployment and configuration of Microsoft SQL Server, SQL Server Reporting Services and Power BI Report Server.</S>
          <S N="requireLicenseAcceptance">False</S>
          <S N="releaseNotes">## [17.3.0] - 2025-11-30_x000A__x000A_### Removed_x000A__x000A_- BREAKING CHANGE: Removed public command `Test-SqlDscDatabase`. Use_x000A_  `Test-SqlDscIsDatabase` to check existence. For property checks, use_x000A_  `Test-SqlDscDatabaseProperty`. See [issue #2201](https://github.com/dsccommunity/SqlServerDsc/issues/2201)._x000A_- BREAKING CHANGE: `Set-SqlDscDatabase`_x000A_  - Removed parameter `OwnerName` [issue #2177](https://github.com/dsccommunity/SqlServerDsc/issues/2177)._x000A_    Use the new command `Set-SqlDscDatabaseOwner` to change database ownership instead._x000A_- BREAKING CHANGE: `Set-SqlDscDatabaseProperty`_x000A_  - Removed parameters `AzureEdition` and `AzureServiceObjective`. Azure SQL Database_x000A_    service tier and SLO changes should be managed using `Set-AzSqlDatabase` from the_x000A_    Azure PowerShell module instead. See [issue #2177](https://github.com/dsccommunity/SqlServerDsc/issues/2177)._x000A_  - Removed parameter `DatabaseSnapshotBaseName`. Database snapshots should be_x000A_    created using the `New-SqlDscDatabaseSnapshot`, or the `New-SqlDscDatabase`_x000A_    command with the `-DatabaseSnapshotBaseName` parameter._x000A_  - Removed parameter `DefaultSchema`. Default schema is a user-level property,_x000A_    not a database-level property. See [issue #2177](https://github.com/dsccommunity/SqlServerDsc/issues/2177)._x000A_  - Removed parameter `IsLedger`. Ledger status is read-only after database creation._x000A_    Use `New-SqlDscDatabase` with the `-IsLedger` parameter to create ledger databases_x000A_    [issue #2351](https://github.com/dsccommunity/SqlServerDsc/issues/2351)._x000A__x000A_### Added_x000A__x000A_- Added public command `Enable-SqlDscDatabaseSnapshotIsolation` to enable snapshot_x000A_  isolation for a database in a SQL Server Database Engine instance. This command_x000A_  uses the SMO `SetSnapshotIsolation()` method to enable row-versioning and snapshot_x000A_  isolation settings to optimize concurrency and consistency ([issue #2329](https://github.com/dsccommunity/SqlServerDsc/issues/2329))._x000A_- Added public command `Disable-SqlDscDatabaseSnapshotIsolation` to disable snapshot_x000A_  isolation for a database in a SQL Server Database Engine instance. This command_x000A_  uses the SMO `SetSnapshotIsolation()` method to disable row-versioning and snapshot_x000A_  isolation settings ([issue #2329](https://github.com/dsccommunity/SqlServerDsc/issues/2329))._x000A_- Added public command `New-SqlDscDatabaseSnapshot` to create database snapshots_x000A_  in a SQL Server Database Engine instance using SMO. This command provides an_x000A_  automated and DSC-friendly approach to snapshot management by leveraging_x000A_  `New-SqlDscDatabase` for the actual creation. The command now supports `FileGroup`_x000A_  and `DataFile` parameters to allow control over snapshot file placement and_x000A_  structure ([issue #2341](https://github.com/dsccommunity/SqlServerDsc/issues/2341))._x000A_- Added public command `New-SqlDscFileGroup` to create FileGroup objects for SQL_x000A_  Server databases. This command simplifies creating FileGroup objects that can be_x000A_  used with `New-SqlDscDatabase` and other database-related commands. The `Database`_x000A_  parameter is optional, allowing FileGroup objects to be created standalone and_x000A_  added to a Database later using `Add-SqlDscFileGroup`._x000A_- Added public command `New-SqlDscDataFile` to create DataFile objects for SQL_x000A_  Server FileGroups. This command simplifies creating DataFile objects with_x000A_  specified physical file paths, supporting both regular database files (.mdf, .ndf)_x000A_  and sparse files for database snapshots (.ss). The `FileGroup` parameter is_x000A_  mandatory, requiring DataFile objects to be created with an associated FileGroup._x000A_- Added public command `Add-SqlDscFileGroup` to add one or more FileGroup objects_x000A_  to a Database. This command provides a clean way to associate FileGroup objects_x000A_  with a Database after they have been created._x000A_- Added public command `ConvertTo-SqlDscDataFile` to convert `DatabaseFileSpec`_x000A_  objects to SMO DataFile objects._x000A_- Added public command `ConvertTo-SqlDscFileGroup` to convert `DatabaseFileGroupSpec`_x000A_  objects to SMO FileGroup objects._x000A_- Added class `DatabaseFileSpec` to define data file specifications without requiring_x000A_  a database or SMO context._x000A_- Added class `DatabaseFileGroupSpec` to define file group specifications with_x000A_  associated data files without requiring a database or SMO context._x000A_- `New-SqlDscDatabase`_x000A_  - Added `FileGroup` and `DataFile` parameters to allow specifying custom file_x000A_    locations and structure. These parameters apply to both regular databases and_x000A_    database snapshots, enabling control over file placement for snapshots (sparse_x000A_    files) and custom filegroup/datafile configuration for regular databases_x000A_    ([issue #2341](https://github.com/dsccommunity/SqlServerDsc/issues/2341))._x000A_  - Added `IsLedger` parameter to support creating ledger databases at creation time._x000A_    Ledger status is read-only after database creation and can only be set when_x000A_    creating a new database ([issue #2351](https://github.com/dsccommunity/SqlServerDsc/issues/2351))._x000A_- Added public command `Set-SqlDscDatabaseOwner` to change the owner of a SQL Server_x000A_  database [issue #2177](https://github.com/dsccommunity/SqlServerDsc/issues/2177)._x000A_  This command uses the SMO `SetOwner()` method and supports both `ServerObject`_x000A_  and `DatabaseObject` parameter sets. This replaces the ownership changes_x000A_  previously done via the `OwnerName` parameter in `Set-SqlDscDatabase`._x000A_- Added public command `Test-SqlDscIsDatabase` to test if a database exists on a_x000A_  SQL Server Database Engine instance ([issue #2201](https://github.com/dsccommunity/SqlServerDsc/issues/2201))._x000A_- Added public command `Get-SqlDscSetupLog` to retrieve SQL Server setup bootstrap_x000A_  logs (Summary.txt) from the most recent setup operation. This command can be used_x000A_  interactively for troubleshooting or within integration tests to help diagnose_x000A_  setup failures. Integration tests have been updated to use this command instead_x000A_  of duplicated error handling code [issue #2311](https://github.com/dsccommunity/SqlServerDsc/issues/2311)._x000A_- Added script `Remove-SqlServerFromCIImage.ps1` to remove pre-installed SQL Server_x000A_  components from Microsoft Hosted agents that conflict with PrepareImage operations._x000A_  The script is now run automatically in the CI pipeline before PrepareImage tests_x000A_  to resolve Sysprep compatibility errors [issue #2212](https://github.com/dsccommunity/SqlServerDsc/issues/2212)._x000A_- Added integration tests for `Complete-SqlDscImage` command to ensure command_x000A_  reliability in prepared image installation workflows. The test runs in a separate_x000A_  pipeline job `Integration_Test_Commands_SqlServer_PreparedImage` with its own CI_x000A_  worker, and verifies the completion of SQL Server instances prepared using_x000A_  `Install-SqlDscServer` with the `-PrepareImage` parameter. The test includes_x000A_  scenarios with minimal parameters and various service account/directory_x000A_  configurations [issue #2212](https://github.com/dsccommunity/SqlServerDsc/issues/2212)._x000A_- Added integration test for `Install-SqlDscServer` with the `-PrepareImage`_x000A_  parameter set to support the prepared image installation workflow. This test_x000A_  (`Install-SqlDscServer.Integration.PrepareImage.Tests.ps1`) runs in the_x000A_  `Integration_Test_Commands_SqlServer_PreparedImage` pipeline job and prepares_x000A_  a DSCSQLTEST instance that is later completed by `Complete-SqlDscImage` tests_x000A_  [issue #2212](https://github.com/dsccommunity/SqlServerDsc/issues/2212)._x000A_- Added integration tests for `Initialize-SqlDscRebuildDatabase` command to ensure_x000A_  command reliability. The test runs in group 8, alongside `Repair-SqlDscServer`,_x000A_  to verify the rebuild database functionality on the DSCSQLTEST instance_x000A_  [issue #2242](https://github.com/dsccommunity/SqlServerDsc/issues/2242)._x000A_- Added integration tests for `Repair-SqlDscServer` command to ensure command_x000A_  reliability. The test runs in group 8, before `Uninstall-SqlDscServer` in_x000A_  group 9, to verify the repair functionality on the DSCSQLTEST instance_x000A_  [issue #2238](https://github.com/dsccommunity/SqlServerDsc/issues/2238)._x000A_- Added integration tests for `ConvertTo-SqlDscServerPermission` command to ensure_x000A_  command reliability [issue #2207](https://github.com/dsccommunity/SqlServerDsc/issues/2207)._x000A_- Added post-installation configuration integration test to configure SSL certificate_x000A_  support for SQL Server instance DSCSQLTEST in CI environment, enabling testing_x000A_  of encryption-related functionality. The new `PostInstallationConfiguration`_x000A_  integration test includes:_x000A_  - Self-signed SSL certificate creation and installation_x000A_  - Certificate configuration for SQL Server Database Engine_x000A_  - Service account permissions for certificate private key access_x000A_  - Certificate trust chain configuration_x000A_  - Verification that encryption is properly configured_x000A_  - Enabled previously skipped encryption tests in `Invoke-SqlDscQuery`_x000A_  - Added integration tests for `Connect-SqlDscDatabaseEngine` command to verify_x000A_    the `-Encrypt` parameter functionality_x000A_  [issue #2290](https://github.com/dsccommunity/SqlServerDsc/issues/2290)._x000A_- Added integration tests for `Get-SqlDscDatabasePermission` command to ensure_x000A_  database permission retrieval functions correctly in real environments_x000A_  [issue #2221](https://github.com/dsccommunity/SqlServerDsc/issues/2221)._x000A_- Added integration tests for `Get-SqlDscManagedComputer` command to ensure it_x000A_  functions correctly in real environments_x000A_  [issue #2220](https://github.com/dsccommunity/SqlServerDsc/issues/2220)._x000A_- Added integration tests for `Remove-SqlDscAudit` command to ensure it functions_x000A_  correctly in real environments_x000A_  [issue #2241](https://github.com/dsccommunity/SqlServerDsc/issues/2241)._x000A_- Added integration tests for `ConvertFrom-SqlDscDatabasePermission` command to_x000A_  ensure it functions correctly in real environments_x000A_  [issue #2211](https://github.com/dsccommunity/SqlServerDsc/issues/2211)._x000A_- Added integration tests for `Get-SqlDscStartupParameter` command to ensure it_x000A_  functions correctly in real environments_x000A_  [issue #2217](https://github.com/dsccommunity/SqlServe</S>
          <S N="isLatestVersion">True</S>
          <S N="isAbsoluteLatestVersion">False</S>
          <S N="versionDownloadCount">205328</S>
          <S N="downloadCount">13224697</S>
          <S N="packageSize">715751</S>
          <S N="published">01/12/2025 08:28:27 +00:00</S>
          <S N="created">01/12/2025 08:28:27 +00:00</S>
          <S N="lastUpdated">13/01/2026 15:20:00 +00:00</S>
          <S N="tags">DesiredStateConfiguration DSC DSCResourceKit DSCResource SqlServer PowerBI ReportingServices ReportServer PSModule PSFunction_Add-SqlDscFileGroup PSCommand_Add-SqlDscFileGroup PSFunction_Add-SqlDscNode PSCommand_Add-SqlDscNode PSFunction_Add-SqlDscTraceFlag PSCommand_Add-SqlDscTraceFlag PSFunction_Assert-SqlDscAgentOperator PSCommand_Assert-SqlDscAgentOperator PSFunction_Assert-SqlDscLogin PSCommand_Assert-SqlDscLogin PSFunction_Complete-SqlDscFailoverCluster PSCommand_Complete-SqlDscFailoverCluster PSFunction_Complete-SqlDscImage PSCommand_Complete-SqlDscImage PSFunction_Connect-SqlDscDatabaseEngine PSCommand_Connect-SqlDscDatabaseEngine PSFunction_ConvertFrom-SqlDscDatabasePermission PSCommand_ConvertFrom-SqlDscDatabasePermission PSFunction_ConvertFrom-SqlDscServerPermission PSCommand_ConvertFrom-SqlDscServerPermission PSFunction_ConvertTo-SqlDscDatabasePermission PSCommand_ConvertTo-SqlDscDatabasePermission PSFunction_ConvertTo-SqlDscDataFile PSCommand_ConvertTo-SqlDscDataFile PSFunction_ConvertTo-SqlDscEditionName PSCommand_ConvertTo-SqlDscEditionName PSFunction_ConvertTo-SqlDscFileGroup PSCommand_ConvertTo-SqlDscFileGroup PSFunction_ConvertTo-SqlDscServerPermission PSCommand_ConvertTo-SqlDscServerPermission PSFunction_Deny-SqlDscServerPermission PSCommand_Deny-SqlDscServerPermission PSFunction_Disable-SqlDscAgentOperator PSCommand_Disable-SqlDscAgentOperator PSFunction_Disable-SqlDscAudit PSCommand_Disable-SqlDscAudit PSFunction_Disable-SqlDscDatabaseSnapshotIsolation PSCommand_Disable-SqlDscDatabaseSnapshotIsolation PSFunction_Disable-SqlDscLogin PSCommand_Disable-SqlDscLogin PSFunction_Disconnect-SqlDscDatabaseEngine PSCommand_Disconnect-SqlDscDatabaseEngine PSFunction_Enable-SqlDscAgentOperator PSCommand_Enable-SqlDscAgentOperator PSFunction_Enable-SqlDscAudit PSCommand_Enable-SqlDscAudit PSFunction_Enable-SqlDscDatabaseSnapshotIsolation PSCommand_Enable-SqlDscDatabaseSnapshotIsolation PSFunction_Enable-SqlDscLogin PSCommand_Enable-SqlDscLogin PSFunction_Get-SqlDscAgentAlert PSCommand_Get-SqlDscAgentAlert PSFunction_Get-SqlDscAgentOperator PSCommand_Get-SqlDscAgentOperator PSFunction_Get-SqlDscAudit PSCommand_Get-SqlDscAudit PSFunction_Get-SqlDscCompatibilityLevel PSCommand_Get-SqlDscCompatibilityLevel PSFunction_Get-SqlDscConfigurationOption PSCommand_Get-SqlDscConfigurationOption PSFunction_Get-SqlDscDatabase PSCommand_Get-SqlDscDatabase PSFunction_Get-SqlDscDatabasePermission PSCommand_Get-SqlDscDatabasePermission PSFunction_Get-SqlDscInstalledInstance PSCommand_Get-SqlDscInstalledInstance PSFunction_Get-SqlDscLogin PSCommand_Get-SqlDscLogin PSFunction_Get-SqlDscManagedComputer PSCommand_Get-SqlDscManagedComputer PSFunction_Get-SqlDscManagedComputerInstance PSCommand_Get-SqlDscManagedComputerInstance PSFunction_Get-SqlDscManagedComputerService PSCommand_Get-SqlDscManagedComputerService PSFunction_Get-SqlDscPreferredModule PSCommand_Get-SqlDscPreferredModule PSFunction_Get-SqlDscRole PSCommand_Get-SqlDscRole PSFunction_Get-SqlDscRSSetupConfiguration PSCommand_Get-SqlDscRSSetupConfiguration PSFunction_Get-SqlDscServerPermission PSCommand_Get-SqlDscServerPermission PSFunction_Get-SqlDscServerProtocol PSCommand_Get-SqlDscServerProtocol PSFunction_Get-SqlDscServerProtocolName PSCommand_Get-SqlDscServerProtocolName PSFunction_Get-SqlDscSetupLog PSCommand_Get-SqlDscSetupLog PSFunction_Get-SqlDscStartupParameter PSCommand_Get-SqlDscStartupParameter PSFunction_Get-SqlDscTraceFlag PSCommand_Get-SqlDscTraceFlag PSFunction_Grant-SqlDscServerPermission PSCommand_Grant-SqlDscServerPermission PSFunction_Import-SqlDscPreferredModule PSCommand_Import-SqlDscPreferredModule PSFunction_Initialize-SqlDscRebuildDatabase PSCommand_Initialize-SqlDscRebuildDatabase PSFunction_Install-SqlDscBIReportServer PSCommand_Install-SqlDscBIReportServer PSFunction_Install-SqlDscReportingService PSCommand_Install-SqlDscReportingService PSFunction_Install-SqlDscServer PSCommand_Install-SqlDscServer PSFunction_Invoke-SqlDscQuery PSCommand_Invoke-SqlDscQuery PSFunction_New-SqlDscAgentAlert PSCommand_New-SqlDscAgentAlert PSFunction_New-SqlDscAgentOperator PSCommand_New-SqlDscAgentOperator PSFunction_New-SqlDscAudit PSCommand_New-SqlDscAudit PSFunction_New-SqlDscDatabase PSCommand_New-SqlDscDatabase PSFunction_New-SqlDscDatabaseSnapshot PSCommand_New-SqlDscDatabaseSnapshot PSFunction_New-SqlDscDataFile PSCommand_New-SqlDscDataFile PSFunction_New-SqlDscFileGroup PSCommand_New-SqlDscFileGroup PSFunction_New-SqlDscLogin PSCommand_New-SqlDscLogin PSFunction_New-SqlDscRole PSCommand_New-SqlDscRole PSFunction_Remove-SqlDscAgentAlert PSCommand_Remove-SqlDscAgentAlert PSFunction_Remove-SqlDscAgentOperator PSCommand_Remove-SqlDscAgentOperator PSFunction_Remove-SqlDscAudit PSCommand_Remove-SqlDscAudit PSFunction_Remove-SqlDscDatabase PSCommand_Remove-SqlDscDatabase PSFunction_Remove-SqlDscLogin PSCommand_Remove-SqlDscLogin PSFunction_Remove-SqlDscNode PSCommand_Remove-SqlDscNode PSFunction_Remove-SqlDscRole PSCommand_Remove-SqlDscRole PSFunction_Remove-SqlDscTraceFlag PSCommand_Remove-SqlDscTraceFlag PSFunction_Repair-SqlDscBIReportServer PSCommand_Repair-SqlDscBIReportServer PSFunction_Repair-SqlDscReportingService PSCommand_Repair-SqlDscReportingService PSFunction_Repair-SqlDscServer PSCommand_Repair-SqlDscServer PSFunction_Revoke-SqlDscServerPermission PSCommand_Revoke-SqlDscServerPermission PSFunction_Save-SqlDscSqlServerMediaFile PSCommand_Save-SqlDscSqlServerMediaFile PSFunction_Set-SqlDscAgentAlert PSCommand_Set-SqlDscAgentAlert PSFunction_Set-SqlDscAgentOperator PSCommand_Set-SqlDscAgentOperator PSFunction_Set-SqlDscAudit PSCommand_Set-SqlDscAudit PSFunction_Set-SqlDscConfigurationOption PSCommand_Set-SqlDscConfigurationOption PSFunction_Set-SqlDscDatabaseDefault PSCommand_Set-SqlDscDatabaseDefault PSFunction_Set-SqlDscDatabaseOwner PSCommand_Set-SqlDscDatabaseOwner PSFunction_Set-SqlDscDatabasePermission PSCommand_Set-SqlDscDatabasePermission PSFunction_Set-SqlDscDatabaseProperty PSCommand_Set-SqlDscDatabaseProperty PSFunction_Set-SqlDscServerPermission PSCommand_Set-SqlDscServerPermission PSFunction_Set-SqlDscStartupParameter PSCommand_Set-SqlDscStartupParameter PSFunction_Set-SqlDscTraceFlag PSCommand_Set-SqlDscTraceFlag PSFunction_Test-SqlDscAgentAlertProperty PSCommand_Test-SqlDscAgentAlertProperty PSFunction_Test-SqlDscConfigurationOption PSCommand_Test-SqlDscConfigurationOption PSFunction_Test-SqlDscDatabaseProperty PSCommand_Test-SqlDscDatabaseProperty PSFunction_Test-SqlDscIsAgentAlert PSCommand_Test-SqlDscIsAgentAlert PSFunction_Test-SqlDscIsAgentOperator PSCommand_Test-SqlDscIsAgentOperator PSFunction_Test-SqlDscIsDatabase PSCommand_Test-SqlDscIsDatabase PSFunction_Test-SqlDscIsDatabasePrincipal PSCommand_Test-SqlDscIsDatabasePrincipal PSFunction_Test-SqlDscIsLogin PSCommand_Test-SqlDscIsLogin PSFunction_Test-SqlDscIsLoginEnabled PSCommand_Test-SqlDscIsLoginEnabled PSFunction_Test-SqlDscIsRole PSCommand_Test-SqlDscIsRole PSFunction_Test-SqlDscIsSupportedFeature PSCommand_Test-SqlDscIsSupportedFeature PSFunction_Test-SqlDscRSInstalled PSCommand_Test-SqlDscRSInstalled PSFunction_Test-SqlDscServerPermission PSCommand_Test-SqlDscServerPermission PSFunction_Uninstall-SqlDscBIReportServer PSCommand_Uninstall-SqlDscBIReportServer PSFunction_Uninstall-SqlDscReportingService PSCommand_Uninstall-SqlDscReportingService PSFunction_Uninstall-SqlDscServer PSCommand_Uninstall-SqlDscServer PSIncludes_Function PSDscResource_SqlAgentAlert PSDscResource_SqlAudit PSDscResource_SqlDatabasePermission PSDscResource_SqlPermission PSDscResource_SqlRSSetup PSDscResource_SqlAG PSDscResource_SqlAGDatabase PSDscResource_SqlAgentFailsafe PSDscResource_SqlAgentOperator PSDscResource_SqlAGListener PSDscResource_SqlAGReplica PSDscResource_SqlAlias PSDscResource_SqlAlwaysOnService PSDscResource_SqlConfiguration PSDscResource_SqlDatabase PSDscResource_SqlDatabaseDefaultLocation PSDscResource_SqlDatabaseMail PSDscResource_SqlDatabaseObjectPermission PSDscResource_SqlDatabaseRole PSDscResource_SqlDatabaseUser PSDscResource_SqlEndpoint PSDscResource_SqlEndpointPermission PSDscResource_SqlLogin PSDscResource_SqlMaxDop PSDscResource_SqlMemory PSDscResource_SqlProtocol PSDscResource_SqlProtocolTcpIp PSDscResource_SqlReplication PSDscResource_SqlRole PSDscResource_SqlRS PSDscResource_SqlScript PSDscResource_SqlScriptQuery PSDscResource_SqlSecureConnection PSDscResource_SqlServiceAccount PSDscResource_SqlSetup PSDscResource_SqlTraceFlag PSDscResource_SqlWaitForAG PSDscResource_SqlWindowsFirewall PSIncludes_DscResource</S>
          <S N="developmentDependency">False</S>
          <S N="updated">2026-01-13T15:20:00Z</S>
          <S N="NormalizedVersion">17.3.0</S>
          <S N="Authors">DSC Community</S>
          <S N="IsPrerelease">false</S>
          <S N="ItemType">Module</S>
          <S N="FileList">SqlServerDsc.nuspec|DSCResources\DSC_SqlAG\DSC_SqlAG.psm1|SqlServerDsc.psm1|DSCResources\DSC_SqlAG\DSC_SqlAG.schema.mof|SqlServerDsc.psd1|DSCResources\DSC_SqlAG\README.md|en-US\about_SqlPermission.help.txt|DSCResources\DSC_SqlAGReplica\README.md|en-US\about_SqlAgentAlert.help.txt|DSCResources\DSC_SqlAGReplica\DSC_SqlAGReplica.psm1|en-US\SqlServerDsc-help.xml|DSCResources\DSC_SqlAGReplica\DSC_SqlAGReplica.schema.mof|en-US\SqlServerDsc.strings.psd1|DSCResources\DSC_SqlDatabase\DSC_SqlDatabase.schema.mof|en-US\SqlDatabasePermission.strings.psd1|DSCResources\DSC_SqlDatabase\DSC_SqlDatabase.psm1|en-US\SqlAudit.strings.psd1|DSCResources\DSC_SqlDatabase\README.md|en-US\SqlResourceBase.strings.psd1|DSCResources\DSC_SqlEndpoint\README.md|en-US\SqlAgentAlert.strings.psd1|DSCResources\DSC_SqlEndpoint\DSC_SqlEndpoint.schema.mof|en-US\SqlPermission.strings.psd1|DSCResources\DSC_SqlEndpoint\DSC_SqlEndpoint.psm1|en-US\SqlRSSetup.strings.psd1|DSCResources\DSC_SqlAlwaysOnService\DSC_SqlAlwaysOnService.schema.mof|en-US\about_SqlDatabasePermission.help.txt|DSCResources\DSC_SqlAlwaysOnService\DSC_SqlAlwaysOnService.psm1|en-US\about_SqlAudit.help.txt|DSCResources\DSC_SqlAlwaysOnService\README.md|en-US\about_SqlRSSetup.help.txt|Modules\SqlServerDsc.Common\SqlServerDsc.Common.psd1|en-US\about_SqlServerDsc.help.txt|Modules\SqlServerDsc.Common\SqlServerDsc.Common.psm1|DSCResources\DSC_SqlScript\DSC_SqlScript.schema.mof|DSCResources\DSC_SqlScript\en-US\about_SqlScript.help.txt|DSCResources\DSC_SqlScript\README.md|DSCResources\DSC_SqlScript\en-US\DSC_SqlScript.strings.psd1|DSCResources\DSC_SqlScript\DSC_SqlScript.psm1|DSCResources\DSC_SqlScriptQuery\en-US\about_SqlScriptQuery.help.txt|DSCResources\DSC_SqlScriptQuery\DSC_SqlScriptQuery.psm1|DSCResources\DSC_SqlScriptQuery\en-US\DSC_SqlScriptQuery.strings.psd1|DSCResources\DSC_SqlScriptQuery\DSC_SqlScriptQuery.schema.mof|DSCResources\DSC_SqlDatabaseMail\en-US\about_SqlDatabaseMail.help.txt|DSCResources\DSC_SqlScriptQuery\README.md|DSCResources\DSC_SqlDatabaseMail\en-US\DSC_SqlDatabaseMail.strings.psd1|DSCResources\DSC_SqlDatabaseMail\DSC_SqlDatabaseMail.schema.mof|DSCResources\DSC_SqlDatabaseRole\en-US\DSC_SqlDatabaseRole.strings.psd1|DSCResources\DSC_SqlDatabaseMail\DSC_SqlDatabaseMail.psm1|DSCResources\DSC_SqlDatabaseRole\en-US\about_SqlDatabaseRole.help.txt|DSCResources\DSC_SqlDatabaseMail\README.md|DSCResources\DSC_SqlRole\en-US\DSC_SqlRole.strings.psd1|DSCResources\DSC_SqlDatabaseRole\README.md|DSCResources\DSC_SqlRole\en-US\about_SqlRole.help.txt|DSCResources\DSC_SqlDatabaseRole\DSC_SqlDatabaseRole.psm1|DSCResources\DSC_SqlMaxDop\en-US\DSC_SqlMaxDop.strings.psd1|DSCResources\DSC_SqlDatabaseRole\DSC_SqlDatabaseRole.schema.mof|DSCResources\DSC_SqlMaxDop\en-US\about_SqlMaxDop.help.txt|DSCResources\DSC_SqlRole\DSC_SqlRole.schema.mof|DSCResources\DSC_SqlDatabaseUser\en-US\about_SqlDatabaseUser.help.txt|DSCResources\DSC_SqlRole\README.md|DSCResources\DSC_SqlDatabaseUser\en-US\DSC_SqlDatabaseUser.strings.psd1|DSCResources\DSC_SqlRole\DSC_SqlRole.psm1|DSCResources\DSC_SqlMemory\en-US\DSC_SqlMemory.strings.psd1|DSCResources\DSC_SqlMaxDop\DSC_SqlMaxDop.schema.mof|DSCResources\DSC_SqlMemory\en-US\about_SqlMemory.help.txt|DSCResources\DSC_SqlMaxDop\README.md|DSCResources\DSC_SqlWindowsFirewall\en-US\about_SqlWindowsFirewall.help.txt|DSCResources\DSC_SqlMaxDop\DSC_SqlMaxDop.psm1|DSCResources\DSC_SqlWindowsFirewall\en-US\DSC_SqlWindowsFirewall.strings.psd1|DSCResources\DSC_SqlDatabaseUser\DSC_SqlDatabaseUser.schema.mof|DSCResources\DSC_SqlRS\en-US\about_SqlRS.help.txt|DSCResources\DSC_SqlDatabaseUser\README.md|DSCResources\DSC_SqlRS\en-US\DSC_SqlRS.strings.psd1|DSCResources\DSC_SqlDatabaseUser\DSC_SqlDatabaseUser.psm1|DSCResources\DSC_SqlAgentFailsafe\en-US\about_SqlAgentFailsafe.help.txt|DSCResources\DSC_SqlMemory\DSC_SqlMemory.psm1|DSCResources\DSC_SqlAgentFailsafe\en-US\DSC_SqlAgentFailsafe.strings.psd1|DSCResources\DSC_SqlMemory\README.md|DSCResources\DSC_SqlProtocol\en-US\about_SqlProtocol.help.txt|DSCResources\DSC_SqlMemory\DSC_SqlMemory.schema.mof|DSCResources\DSC_SqlProtocol\en-US\DSC_SqlProtocol.strings.psd1|DSCResources\DSC_SqlWindowsFirewall\DSC_SqlWindowsFirewall.schema.mof|DSCResources\DSC_SqlSetup\en-US\DSC_SqlSetup.strings.psd1|DSCResources\DSC_SqlWindowsFirewall\README.md|DSCResources\DSC_SqlSetup\en-US\about_SqlSetup.help.txt|DSCResources\DSC_SqlWindowsFirewall\DSC_SqlWindowsFirewall.psm1|DSCResources\DSC_SqlSetup\sv-SE\DSC_SqlSetup.strings.psd1|DSCResources\DSC_SqlRS\DSC_SqlRS.schema.mof|DSCResources\DSC_SqlAgentOperator\en-US\about_SqlAgentOperator.help.txt|DSCResources\DSC_SqlRS\README.md|DSCResources\DSC_SqlAgentOperator\en-US\DSC_SqlAgentOperator.strings.psd1|DSCResources\DSC_SqlRS\DSC_SqlRS.psm1|DSCResources\DSC_SqlDatabaseObjectPermission\en-US\about_SqlDatabaseObjectPermission.help.txt|DSCResources\DSC_SqlAgentFailsafe\DSC_SqlAgentFailsafe.psm1|DSCResources\DSC_SqlDatabaseObjectPermission\en-US\DSC_SqlDatabaseObjectPermission.strings.psd1|DSCResources\DSC_SqlAgentFailsafe\DSC_SqlAgentFailsafe.schema.mof|DSCResources\DSC_SqlDatabaseDefaultLocation\en-US\DSC_SqlDatabaseDefaultLocation.strings.psd1|DSCResources\DSC_SqlAgentFailsafe\README.md|DSCResources\DSC_SqlDatabaseDefaultLocation\en-US\about_SqlDatabaseDefaultLocation.help.txt|DSCResources\DSC_SqlProtocol\DSC_SqlProtocol.psm1|DSCResources\DSC_SqlLogin\en-US\DSC_SqlLogin.strings.psd1|DSCResources\DSC_SqlProtocol\README.md|DSCResources\DSC_SqlLogin\en-US\about_SqlLogin.help.txt|DSCResources\DSC_SqlProtocol\DSC_SqlProtocol.schema.mof|DSCResources\DSC_SqlSecureConnection\en-US\about_SqlSecureConnection.help.txt|DSCResources\DSC_SqlSetup\DSC_SqlSetup.psm1|DSCResources\DSC_SqlSecureConnection\en-US\DSC_SqlSecureConnection.strings.psd1|DSCResources\DSC_SqlSetup\README.md|DSCResources\DSC_SqlAGListener\en-US\about_SqlAGListener.help.txt|DSCResources\DSC_SqlSetup\DSC_SqlSetup.schema.mof|DSCResources\DSC_SqlAGListener\en-US\DSC_SqlAGListener.strings.psd1|DSCResources\DSC_SqlAgentOperator\DSC_SqlAgentOperator.schema.mof|DSCResources\DSC_SqlEndpointPermission\en-US\DSC_SqlEndpointPermission.strings.psd1|DSCResources\DSC_SqlAgentOperator\README.md|DSCResources\DSC_SqlEndpointPermission\en-US\about_SqlEndpointPermission.help.txt|DSCResources\DSC_SqlAgentOperator\DSC_SqlAgentOperator.psm1|DSCResources\DSC_SqlAGDatabase\en-US\DSC_SqlAGDatabase.strings.psd1|DSCResources\DSC_SqlDatabaseObjectPermission\DSC_SqlDatabaseObjectPermission.schema.mof|DSCResources\DSC_SqlAGDatabase\en-US\about_SqlAGDatabase.help.txt|DSCResources\DSC_SqlDatabaseObjectPermission\README.md|DSCResources\DSC_SqlWaitForAG\en-US\DSC_SqlWaitForAG.strings.psd1|DSCResources\DSC_SqlDatabaseObjectPermission\DSC_SqlDatabaseObjectPermission.psm1|DSCResources\DSC_SqlWaitForAG\en-US\about_SqlWaitForAG.help.txt|DSCResources\DSC_SqlDatabaseDefaultLocation\DSC_SqlDatabaseDefaultLocation.schema.mof|DSCResources\DSC_SqlReplication\en-US\DSC_SqlReplication.strings.psd1|DSCResources\DSC_SqlDatabaseDefaultLocation\README.md|DSCResources\DSC_SqlReplication\en-US\about_SqlReplication.help.txt|DSCResources\DSC_SqlDatabaseDefaultLocation\DSC_SqlDatabaseDefaultLocation.psm1|DSCResources\DSC_SqlAlias\en-US\DSC_SqlAlias.strings.psd1|DSCResources\DSC_SqlLogin\README.md|DSCResources\DSC_SqlAlias\en-US\about_SqlAlias.help.txt|DSCResources\DSC_SqlLogin\DSC_SqlLogin.schema.mof|DSCResources\DSC_SqlTraceFlag\en-US\DSC_SqlTraceFlag.strings.psd1|DSCResources\DSC_SqlLogin\DSC_SqlLogin.psm1|DSCResources\DSC_SqlTraceFlag\en-US\about_SqlTraceFlag.help.txt|DSCResources\DSC_SqlSecureConnection\DSC_SqlSecureConnection.psm1|DSCResources\DSC_SqlServiceAccount\en-US\about_SqlServiceAccount.help.txt|DSCResources\DSC_SqlSecureConnection\README.md|DSCResources\DSC_SqlServiceAccount\en-US\DSC_SqlServiceAccount.strings.psd1|DSCResources\DSC_SqlSecureConnection\DSC_SqlSecureConnection.schema.mof|DSCResources\DSC_SqlConfiguration\en-US\DSC_SqlConfiguration.strings.psd1|DSCResources\DSC_SqlAGListener\DSC_SqlAGListener.schema.mof|DSCResources\DSC_SqlConfiguration\en-US\about_SqlConfiguration.help.txt|DSCResources\DSC_SqlAGListener\DSC_SqlAGListener.psm1|DSCResources\DSC_SqlProtocolTcpIp\en-US\DSC_SqlProtocolTcpIp.strings.psd1|DSCResources\DSC_SqlAGListener\README.md|DSCResources\DSC_SqlProtocolTcpIp\en-US\about_SqlProtocolTcpIp.help.txt|DSCResources\DSC_SqlEndpointPermission\README.md|DSCResources\DSC_SqlAG\en-US\about_SqlAG.help.txt|DSCResources\DSC_SqlEndpointPermission\DSC_SqlEndpointPermission.schema.mof|DSCResources\DSC_SqlAG\en-US\DSC_SqlAG.strings.psd1|DSCResources\DSC_SqlEndpointPermission\DSC_SqlEndpointPermission.psm1|DSCResources\DSC_SqlAGReplica\en-US\DSC_SqlAGReplica.strings.psd1|DSCResources\DSC_SqlAGDatabase\DSC_SqlAGDatabase.psm1|DSCResources\DSC_SqlAGReplica\en-US\about_SqlAGReplica.help.txt|DSCResources\DSC_SqlAGDatabase\DSC_SqlAGDatabase.schema.mof|DSCResources\DSC_SqlDatabase\en-US\DSC_SqlDatabase.strings.psd1|DSCResources\DSC_SqlAGDatabase\README.md|DSCResources\DSC_SqlDatabase\en-US\about_SqlDatabase.help.txt|DSCResources\DSC_SqlWaitForAG\DSC_SqlWaitForAG.psm1|DSCResources\DSC_SqlEndpoint\en-US\DSC_SqlEndpoint.strings.psd1|DSCResources\DSC_SqlWaitForAG\README.md|DSCResources\DSC_SqlEndpoint\en-US\about_SqlEndpoint.help.txt|DSCResources\DSC_SqlWaitForAG\DSC_SqlWaitForAG.schema.mof|DSCResources\DSC_SqlAlwaysOnService\en-US\about_SqlAlwaysOnService.help.txt|DSCResources\DSC_SqlReplication\DSC_SqlReplication.psm1|DSCResources\DSC_SqlAlwaysOnService\en-US\DSC_SqlAlwaysOnService.strings.psd1|DSCResources\DSC_SqlReplication\README.md|Modules\DscResource.Common\0.24.4\DscResource.Common.psd1|DSCResources\DSC_SqlReplication\DSC_SqlReplication.schema.mof|Modules\DscResource.Common\0.24.4\DscResource.Common.psm1|DSCResources\DSC_SqlAlias\DSC_SqlAlias.psm1|Modules\SqlServerDsc.Common\en-US\SqlServerDsc.Common.strings.psd1|DSCResources\DSC_SqlAlias\README.md|Modules\SqlServerDsc.Common\sv-SE\SqlServerDsc.Common.strings.psd1|DSCResources\DSC_SqlAlias\DSC_SqlAlias.schema.mof|Modules\DscResource.Base\1.4.0\DscResource.Base.psm1|DSCResources\DSC_SqlTraceFlag\DSC_SqlTraceFlag.schema.mof|Modules\DscResource.Base\1.4.0\DscResource.Base.psd1|DSCResources\DSC_SqlTraceFlag\README.md|Modules\DscResource.Common\0.24.4\en-US\DscResource.Common-help.xml|DSCResources\DSC_SqlTraceFlag\DSC_SqlTraceFlag.psm1|Modules\DscResource.Common\0.24.4\en-US\about_DscResource.Common.help.txt|DSCResources\DSC_SqlServiceAccount\README.md|Modules\DscResource.Common\0.24.4\en-US\DscResource.Common.strings.psd1|DSCResources\DSC_SqlServiceAccount\DSC_SqlServiceAccount.schema.mof|Modules\DscResource.Base\1.4.0\en-US\ResourceBase.strings.psd1|DSCResources\DSC_SqlServiceAccount\DSC_SqlServiceAccount.psm1|Modules\DscResource.Base\1.4.0\en-US\about_DscResource.Base.help.txt|DSCResources\DSC_SqlConfiguration\DSC_SqlConfiguration.psm1|Modules\DscResource.Base\1.4.0\en-US\DscResource.Base.strings.psd1|DSCResources\DSC_SqlConfiguration\DSC_SqlConfiguration.schema.mof|Modules\DscResource.Base\1.4.0\Modules\DscResource.Common\0.23.0\DscResource.Common.psd1|DSCResources\DSC_SqlConfiguration\README.md|Modules\DscResource.Base\1.4.0\Modules\DscResource.Common\0.23.0\DscResource.Common.psm1|DSCResources\DSC_SqlProtocolTcpIp\README.md|Modules\DscResource.Base\1.4.0\Modules\DscResource.Common\0.23.0\en-US\DscResource.Common-help.xml|DSCResources\DSC_SqlProtocolTcpIp\DSC_SqlProtocolTcpIp.psm1|Modules\DscResource.Base\1.4.0\Modules\DscResource.Common\0.23.0\en-US\about_DscResource.Common.help.txt|DSCResources\DSC_SqlProtocolTcpIp\DSC_SqlProtocolTcpIp.schema.mof|Modules\DscResource.Base\1.4.0\Modules\DscResource.Common\0.23.0\en-US\DscResource.Common.strings.psd1</S>
          <S N="GUID">693ee082-ed36-45a7-b490-88b07c86b42f</S>
          <S N="PowerShellVersion">5.0</S>
          <S N="CLRVersion">4.0</S>
          <S N="CompanyName">DSC Community</S>
        </MS>
      </Obj>
      <S N="InstalledLocation">C:\Users\Chris\Documents\PowerShell\Modules\SqlServerDsc\17.3.0</S>
    </MS>
  </Obj>
</Objs>
