<Objs Version="1.1.0.1" xmlns="http://schemas.microsoft.com/powershell/2004/04">
  <Obj RefId="0">
    <TN RefId="0">
      <T>Microsoft.PowerShell.Commands.PSRepositoryItemInfo</T>
      <T>System.Management.Automation.PSCustomObject</T>
      <T>System.Object</T>
    </TN>
    <MS>
      <S N="Name">SqlServerDsc</S>
      <Version N="Version">17.1.0</Version>
      <S N="Type">Module</S>
      <S N="Description">This module contains commands and DSC resources for deployment and configuration of Microsoft SQL Server, SQL Server Reporting Services and Power BI Report Server.</S>
      <S N="Author">DSC Community</S>
      <Obj N="CompanyName" RefId="1">
        <TN RefId="1">
          <T>System.Object[]</T>
          <T>System.Array</T>
          <T>System.Object</T>
        </TN>
        <LST>
          <S>PowerShellTeam</S>
          <S>gaelcolas</S>
          <S>dsccommunity</S>
        </LST>
      </Obj>
      <S N="Copyright">Copyright the DSC Community contributors. All rights reserved.</S>
      <DT N="PublishedDate">2025-05-22T18:11:39+01:00</DT>
      <Obj N="InstalledDate" RefId="2">
        <DT>2025-06-03T16:21:01.9823301+01:00</DT>
        <MS>
          <Obj N="DisplayHint" RefId="3">
            <TN RefId="2">
              <T>Microsoft.PowerShell.Commands.DisplayHintType</T>
              <T>System.Enum</T>
              <T>System.ValueType</T>
              <T>System.Object</T>
            </TN>
            <ToString>DateTime</ToString>
            <I32>2</I32>
          </Obj>
        </MS>
      </Obj>
      <Nil N="UpdatedDate" />
      <URI N="LicenseUri">https://github.com/dsccommunity/SqlServerDsc/blob/main/LICENSE</URI>
      <URI N="ProjectUri">https://github.com/dsccommunity/SqlServerDsc</URI>
      <URI N="IconUri">https://dsccommunity.org/images/DSC_Logo_300p.png</URI>
      <Obj N="Tags" RefId="4">
        <TNRef RefId="1" />
        <LST>
          <S>DesiredStateConfiguration</S>
          <S>DSC</S>
          <S>DSCResourceKit</S>
          <S>DSCResource</S>
          <S>SqlServer</S>
          <S>PowerBI</S>
          <S>ReportingServices</S>
          <S>ReportServer</S>
          <S>PSModule</S>
        </LST>
      </Obj>
      <Obj N="Includes" RefId="5">
        <TN RefId="3">
          <T>System.Collections.Hashtable</T>
          <T>System.Object</T>
        </TN>
        <DCT>
          <En>
            <S N="Key">Workflow</S>
            <Obj N="Value" RefId="6">
              <TNRef RefId="1" />
              <LST />
            </Obj>
          </En>
          <En>
            <S N="Key">Command</S>
            <Obj N="Value" RefId="7">
              <TNRef RefId="1" />
              <LST>
                <S>Add-SqlDscNode</S>
                <S>Add-SqlDscTraceFlag</S>
                <S>Complete-SqlDscFailoverCluster</S>
                <S>Complete-SqlDscImage</S>
                <S>Connect-SqlDscDatabaseEngine</S>
                <S>ConvertFrom-SqlDscDatabasePermission</S>
                <S>ConvertFrom-SqlDscServerPermission</S>
                <S>ConvertTo-SqlDscDatabasePermission</S>
                <S>ConvertTo-SqlDscEditionName</S>
                <S>ConvertTo-SqlDscServerPermission</S>
                <S>Disable-SqlDscAudit</S>
                <S>Disconnect-SqlDscDatabaseEngine</S>
                <S>Enable-SqlDscAudit</S>
                <S>Get-SqlDscAudit</S>
                <S>Get-SqlDscConfigurationOption</S>
                <S>Get-SqlDscDatabasePermission</S>
                <S>Get-SqlDscInstalledInstance</S>
                <S>Get-SqlDscManagedComputer</S>
                <S>Get-SqlDscManagedComputerService</S>
                <S>Get-SqlDscPreferredModule</S>
                <S>Get-SqlDscRSSetupConfiguration</S>
                <S>Get-SqlDscServerPermission</S>
                <S>Get-SqlDscStartupParameter</S>
                <S>Get-SqlDscTraceFlag</S>
                <S>Import-SqlDscPreferredModule</S>
                <S>Initialize-SqlDscRebuildDatabase</S>
                <S>Install-SqlDscBIReportServer</S>
                <S>Install-SqlDscReportingService</S>
                <S>Install-SqlDscServer</S>
                <S>Invoke-SqlDscQuery</S>
                <S>New-SqlDscAudit</S>
                <S>Remove-SqlDscAudit</S>
                <S>Remove-SqlDscNode</S>
                <S>Remove-SqlDscTraceFlag</S>
                <S>Repair-SqlDscBIReportServer</S>
                <S>Repair-SqlDscReportingService</S>
                <S>Repair-SqlDscServer</S>
                <S>Save-SqlDscSqlServerMediaFile</S>
                <S>Set-SqlDscAudit</S>
                <S>Set-SqlDscDatabasePermission</S>
                <S>Set-SqlDscServerPermission</S>
                <S>Set-SqlDscStartupParameter</S>
                <S>Set-SqlDscTraceFlag</S>
                <S>Test-SqlDscIsDatabasePrincipal</S>
                <S>Test-SqlDscIsLogin</S>
                <S>Test-SqlDscIsRole</S>
                <S>Test-SqlDscIsSupportedFeature</S>
                <S>Test-SqlDscRSInstalled</S>
                <S>Uninstall-SqlDscBIReportServer</S>
                <S>Uninstall-SqlDscReportingService</S>
                <S>Uninstall-SqlDscServer</S>
              </LST>
            </Obj>
          </En>
          <En>
            <S N="Key">RoleCapability</S>
            <Ref N="Value" RefId="6" />
          </En>
          <En>
            <S N="Key">Cmdlet</S>
            <Ref N="Value" RefId="6" />
          </En>
          <En>
            <S N="Key">Function</S>
            <Obj N="Value" RefId="8">
              <TNRef RefId="1" />
              <LST>
                <S>Add-SqlDscNode</S>
                <S>Add-SqlDscTraceFlag</S>
                <S>Complete-SqlDscFailoverCluster</S>
                <S>Complete-SqlDscImage</S>
                <S>Connect-SqlDscDatabaseEngine</S>
                <S>ConvertFrom-SqlDscDatabasePermission</S>
                <S>ConvertFrom-SqlDscServerPermission</S>
                <S>ConvertTo-SqlDscDatabasePermission</S>
                <S>ConvertTo-SqlDscEditionName</S>
                <S>ConvertTo-SqlDscServerPermission</S>
                <S>Disable-SqlDscAudit</S>
                <S>Disconnect-SqlDscDatabaseEngine</S>
                <S>Enable-SqlDscAudit</S>
                <S>Get-SqlDscAudit</S>
                <S>Get-SqlDscConfigurationOption</S>
                <S>Get-SqlDscDatabasePermission</S>
                <S>Get-SqlDscInstalledInstance</S>
                <S>Get-SqlDscManagedComputer</S>
                <S>Get-SqlDscManagedComputerService</S>
                <S>Get-SqlDscPreferredModule</S>
                <S>Get-SqlDscRSSetupConfiguration</S>
                <S>Get-SqlDscServerPermission</S>
                <S>Get-SqlDscStartupParameter</S>
                <S>Get-SqlDscTraceFlag</S>
                <S>Import-SqlDscPreferredModule</S>
                <S>Initialize-SqlDscRebuildDatabase</S>
                <S>Install-SqlDscBIReportServer</S>
                <S>Install-SqlDscReportingService</S>
                <S>Install-SqlDscServer</S>
                <S>Invoke-SqlDscQuery</S>
                <S>New-SqlDscAudit</S>
                <S>Remove-SqlDscAudit</S>
                <S>Remove-SqlDscNode</S>
                <S>Remove-SqlDscTraceFlag</S>
                <S>Repair-SqlDscBIReportServer</S>
                <S>Repair-SqlDscReportingService</S>
                <S>Repair-SqlDscServer</S>
                <S>Save-SqlDscSqlServerMediaFile</S>
                <S>Set-SqlDscAudit</S>
                <S>Set-SqlDscDatabasePermission</S>
                <S>Set-SqlDscServerPermission</S>
                <S>Set-SqlDscStartupParameter</S>
                <S>Set-SqlDscTraceFlag</S>
                <S>Test-SqlDscIsDatabasePrincipal</S>
                <S>Test-SqlDscIsLogin</S>
                <S>Test-SqlDscIsRole</S>
                <S>Test-SqlDscIsSupportedFeature</S>
                <S>Test-SqlDscRSInstalled</S>
                <S>Uninstall-SqlDscBIReportServer</S>
                <S>Uninstall-SqlDscReportingService</S>
                <S>Uninstall-SqlDscServer</S>
              </LST>
            </Obj>
          </En>
          <En>
            <S N="Key">DscResource</S>
            <Obj N="Value" RefId="9">
              <TNRef RefId="1" />
              <LST>
                <S>SqlAudit</S>
                <S>SqlDatabasePermission</S>
                <S>SqlPermission</S>
                <S>SqlRSSetup</S>
                <S>SqlAG</S>
                <S>SqlAGDatabase</S>
                <S>SqlAgentAlert</S>
                <S>SqlAgentFailsafe</S>
                <S>SqlAgentOperator</S>
                <S>SqlAGListener</S>
                <S>SqlAGReplica</S>
                <S>SqlAlias</S>
                <S>SqlAlwaysOnService</S>
                <S>SqlConfiguration</S>
                <S>SqlDatabase</S>
                <S>SqlDatabaseDefaultLocation</S>
                <S>SqlDatabaseMail</S>
                <S>SqlDatabaseObjectPermission</S>
                <S>SqlDatabaseRole</S>
                <S>SqlDatabaseUser</S>
                <S>SqlEndpoint</S>
                <S>SqlEndpointPermission</S>
                <S>SqlLogin</S>
                <S>SqlMaxDop</S>
                <S>SqlMemory</S>
                <S>SqlProtocol</S>
                <S>SqlProtocolTcpIp</S>
                <S>SqlReplication</S>
                <S>SqlRole</S>
                <S>SqlRS</S>
                <S>SqlScript</S>
                <S>SqlScriptQuery</S>
                <S>SqlSecureConnection</S>
                <S>SqlServiceAccount</S>
                <S>SqlSetup</S>
                <S>SqlTraceFlag</S>
                <S>SqlWaitForAG</S>
                <S>SqlWindowsFirewall</S>
              </LST>
            </Obj>
          </En>
        </DCT>
      </Obj>
      <Nil N="PowerShellGetFormatVersion" />
      <S N="ReleaseNotes">## [17.1.0] - 2025-05-22_x000D__x000A__x000D__x000A_### Removed_x000D__x000A__x000D__x000A_- SqlServerDsc_x000D__x000A_  - Revert workaround in GitHub Actions workflows as new version of ModuleBuilder_x000D__x000A_    was released._x000D__x000A_- SqlServerDsc.Common_x000D__x000A_  - Removed the function `Get-RegistryPropertyValue`, `Format-Path` and_x000D__x000A_    `Test-PendingRestart` in favor of the commands with the same names in_x000D__x000A_    the module _DscResource.Common_._x000D__x000A_- SqlRSSetup_x000D__x000A_  - The DSC resource has been refactored into a class-based resource._x000D__x000A_    - The parameter `SourcePath` was replaced with `MediaPath`._x000D__x000A_    - The parameter `IAcceptLicensTerms` was replaced with a boolean parameter_x000D__x000A_      `AcceptLicensingTerms`._x000D__x000A_    - The parameter `SourceCredential` was removed. Because of this, the_x000D__x000A_      functionality that allowed copying the media from a UNC path using_x000D__x000A_      those credentials was also removed. If this was something you used,_x000D__x000A_      please open an issue._x000D__x000A_    - The version validation no longer gets the current version from the_x000D__x000A_      installed package (using `Get-Package`), but instead from the registry._x000D__x000A_    - Prior when install was successful, the resource checked whether there_x000D__x000A_      were any pending rename operations. Since the install returns 3010_x000D__x000A_      if a restart is needed it is now assumed that the setup process takes_x000D__x000A_      care of this. If that is not the case, and this check is needed, then_x000D__x000A_      open an issue to discuss in what cases this is needed._x000D__x000A_    - The `Edition` option 'Development` was replaced by the value_x000D__x000A_      `Developer`._x000D__x000A_    - The read-only properties `CurrentVersion`, `ServiceName` and `ErrorDumpDirectory`_x000D__x000A_      were removed._x000D__x000A__x000D__x000A_### Added_x000D__x000A__x000D__x000A_- Public commands:_x000D__x000A_  - `Get-SqlDscInstalledInstance` to retrieve installed SQL instances._x000D__x000A_  - `Get-SqlDscRSSetupConfiguration` to retrieve the setup configuration of_x000D__x000A_    SQL Server Reporting Services or Power BI Report Server ([issue #2072](https://github.com/dsccommunity/SqlServerDsc/issues/2072))._x000D__x000A_    - Add additional properties to `Get-SqlDscRSSetupConfiguration` output._x000D__x000A_  - `Install-SqlDscReportingService` to install SQL Server Reporting Services_x000D__x000A_    ([issue #2010](https://github.com/dsccommunity/SqlServerDsc/issues/2010))._x000D__x000A_    - Add `PassThru` parameter to return exit code._x000D__x000A_  - `Install-SqlDscBIReportServer` to install SQL Server BI Report Server._x000D__x000A_    ([issue #2010](https://github.com/dsccommunity/SqlServerDsc/issues/2010))._x000D__x000A_    - Add `PassThru` parameter to return exit code._x000D__x000A_  - `Repair-SqlDscReportingService` to repair an already installed SQL Server_x000D__x000A_    Reporting Services ([issue #2064](https://github.com/dsccommunity/SqlServerDsc/issues/2064))._x000D__x000A_    - Add `PassThru` parameter to return exit code._x000D__x000A_  - `Repair-SqlDscBIReportServer` to repair an already installed SQL Server_x000D__x000A_    BI Report Server ([issue #2064](https://github.com/dsccommunity/SqlServerDsc/issues/2064))._x000D__x000A_    - Add `PassThru` parameter to return exit code._x000D__x000A_  - `Test-SqlDscRSInstalled` to test whether an instance is installed or not_x000D__x000A_     ([issue #2078](https://github.com/dsccommunity/SqlServerDsc/issues/2078))._x000D__x000A_  - `Uninstall-SqlDscReportingService` to uninstall SQL Server Reporting_x000D__x000A_    Services ([issue #2065](https://github.com/dsccommunity/SqlServerDsc/issues/2065))._x000D__x000A_    - Add `PassThru` parameter to return exit code._x000D__x000A_  - `Uninstall-SqlDscBIReportServer` to uninstall SQL Server BI Report Server_x000D__x000A_    ([issue #2065](https://github.com/dsccommunity/SqlServerDsc/issues/2065))._x000D__x000A_    - Add `PassThru` parameter to return exit code._x000D__x000A_  - `ConvertTo-SqlDscEditionName` to return the edition name of the specified_x000D__x000A_    edition ID._x000D__x000A_- Private function:_x000D__x000A_  - `Invoke-ReportServerSetupAction` to run setup actions for Reporting_x000D__x000A_    Services and Power BI Report Server._x000D__x000A_- Added new instructions for GitHub Copilot that might assist when developing_x000D__x000A_  command and private functions in the module. More instructions should be_x000D__x000A_  added as needed to help generated code and tests._x000D__x000A__x000D__x000A_### Changed_x000D__x000A__x000D__x000A_- SqlServerDsc_x000D__x000A_  - The examples that was located in the README in the examples folder has_x000D__x000A_    now been moved to the WikiSource folder. The examples are published to_x000D__x000A_    the repository Wiki. The README has been updated to link to the new_x000D__x000A_    location ([issue #2051](https://github.com/dsccommunity/SqlServerDsc/issues/2051))._x000D__x000A_  - Integration test stages has been modified to split the testing into_x000D__x000A_    several different areas. The tests are dependent on this order:_x000D__x000A_    - Quality_Test_and_Unit_Test_x000D__x000A_    - Integration_Test_Commands_SqlServer_x000D__x000A_      - Integration_Test_Commands_ReportingServices_x000D__x000A_      - Integration_Test_Commands_BIReportServer_x000D__x000A_    - Integration_Test_Resources_SqlServer_x000D__x000A_      - Integration_Test_Resources_SqlServer_dbatools_x000D__x000A_      - Integration_Test_Resources_ReportingServices_x000D__x000A_        - Integration_Test_Resources_ReportingServices_dbatools_x000D__x000A_  - Update build script path in integration tests._x000D__x000A_  - Fix style formatting in all PowerShell script files._x000D__x000A_  - Update module description on GitHub, in the conceptual help, and in_x000D__x000A_    the module manifest._x000D__x000A_  - Now integration tests will fail on an exception when the command `Test-DscConfiguration`_x000D__x000A_    is run._x000D__x000A_  - Added Test-SqlDscIsRole to be used like Test-SqlDscIsLogin but tests_x000D__x000A_    for a server role as principal._x000D__x000A_  - Refine and enhance clarity in Copilot instructions._x000D__x000A_- SqlSetup_x000D__x000A_  - Fixed issue with AddNode where cluster IP information was not being passed to_x000D__x000A_    setup.exe ([issue #1171](https://github.com/dsccommunity/SqlServerDsc/issues/1171))._x000D__x000A_- SqlRSSetup_x000D__x000A_  - The DSC resource has been refactored into a class-based resource._x000D__x000A_- `Set-SqlDscServerPermission`_x000D__x000A_  - Added support for assigning permissions to a server role._x000D__x000A__x000D__x000A_### Fixed_x000D__x000A__x000D__x000A_- Fixed workaround for the GitHub Actions to support building module in Windows_x000D__x000A_  PowerShell._x000D__x000A_- Fix tests to redirect output streams correctly._x000D__x000A_- SqlServerDsc_x000D__x000A_  - Fix localization tests._x000D__x000A_  - Cleanup in unit tests for classes._x000D__x000A_  - Cleanup in localization string files._x000D__x000A_- `SqlAudit`_x000D__x000A_  - Fix localization strings in `Assert` method._x000D__x000A_- `Save-SqlDscSqlServerMediaFile`_x000D__x000A_  - Fix localizations strings that used wrong keys._x000D__x000A_  - Fix unit tests so they work cross-platform._x000D__x000A_- `Install-SqlDscServer` and private function `Invoke-SetupAction`_x000D__x000A_  - Fix localization string keys naming._x000D__x000A_  - Fix unit tests to use correct localization string names._x000D__x000A_  - Remove redundant unit tests._x000D__x000A_- `SqlConfiguration`_x000D__x000A_  - Change the alias command to real command name, to pass HQRM tests._x000D__x000A_- `SqlDatabaseUser`_x000D__x000A_  - Change the alias command to real command name, to pass HQRM tests._x000D__x000A_- `SqlMaxDop`_x000D__x000A_  - Change the alias command to real command name, to pass HQRM tests._x000D__x000A_- `SqlMemory`_x000D__x000A_  - Change the alias command to real command name, to pass HQRM tests._x000D__x000A_- `SqlReplication`_x000D__x000A_  - Change the alias command to real command name, to pass HQRM tests._x000D__x000A_- `SqlRSSetup`_x000D__x000A_  - Change the alias command to real command name, to pass HQRM tests._x000D__x000A_- `SqlServiceAccount`_x000D__x000A_  - Change the alias command to real command name, to pass HQRM tests._x000D__x000A_- `Get-SqlDscRSSetupConfiguration`_x000D__x000A_  - The integration test was updated to verify so that the `CurrentVersion`_x000D__x000A_    and `ProductVersion` strings can be converted to valid versions and_x000D__x000A_    that they always are higher than what we expect._x000D__x000A_- `SqlRS`_x000D__x000A_  - Re-enable integration tests._x000D__x000A_- `SqlAG`_x000D__x000A_  - Fix SeedingMode existence condition._x000D__x000A_- `SqlAGReplica`_x000D__x000A_  - Fix SeedingMode existence condition.</S>
      <Obj N="Dependencies" RefId="10">
        <TNRef RefId="1" />
        <LST />
      </Obj>
      <S N="RepositorySourceLocation">https://www.powershellgallery.com/api/v2</S>
      <S N="Repository">PSGallery</S>
      <S N="PackageManagementProvider">NuGet</S>
      <Obj N="AdditionalMetadata" RefId="11">
        <TN RefId="4">
          <T>System.Management.Automation.PSCustomObject</T>
          <T>System.Object</T>
        </TN>
        <MS>
          <S N="copyright">Copyright the DSC Community contributors. All rights reserved.</S>
          <S N="description">This module contains commands and DSC resources for deployment and configuration of Microsoft SQL Server, SQL Server Reporting Services and Power BI Report Server.</S>
          <S N="requireLicenseAcceptance">False</S>
          <S N="releaseNotes">## [17.1.0] - 2025-05-22_x000D__x000A__x000D__x000A_### Removed_x000D__x000A__x000D__x000A_- SqlServerDsc_x000D__x000A_  - Revert workaround in GitHub Actions workflows as new version of ModuleBuilder_x000D__x000A_    was released._x000D__x000A_- SqlServerDsc.Common_x000D__x000A_  - Removed the function `Get-RegistryPropertyValue`, `Format-Path` and_x000D__x000A_    `Test-PendingRestart` in favor of the commands with the same names in_x000D__x000A_    the module _DscResource.Common_._x000D__x000A_- SqlRSSetup_x000D__x000A_  - The DSC resource has been refactored into a class-based resource._x000D__x000A_    - The parameter `SourcePath` was replaced with `MediaPath`._x000D__x000A_    - The parameter `IAcceptLicensTerms` was replaced with a boolean parameter_x000D__x000A_      `AcceptLicensingTerms`._x000D__x000A_    - The parameter `SourceCredential` was removed. Because of this, the_x000D__x000A_      functionality that allowed copying the media from a UNC path using_x000D__x000A_      those credentials was also removed. If this was something you used,_x000D__x000A_      please open an issue._x000D__x000A_    - The version validation no longer gets the current version from the_x000D__x000A_      installed package (using `Get-Package`), but instead from the registry._x000D__x000A_    - Prior when install was successful, the resource checked whether there_x000D__x000A_      were any pending rename operations. Since the install returns 3010_x000D__x000A_      if a restart is needed it is now assumed that the setup process takes_x000D__x000A_      care of this. If that is not the case, and this check is needed, then_x000D__x000A_      open an issue to discuss in what cases this is needed._x000D__x000A_    - The `Edition` option 'Development` was replaced by the value_x000D__x000A_      `Developer`._x000D__x000A_    - The read-only properties `CurrentVersion`, `ServiceName` and `ErrorDumpDirectory`_x000D__x000A_      were removed._x000D__x000A__x000D__x000A_### Added_x000D__x000A__x000D__x000A_- Public commands:_x000D__x000A_  - `Get-SqlDscInstalledInstance` to retrieve installed SQL instances._x000D__x000A_  - `Get-SqlDscRSSetupConfiguration` to retrieve the setup configuration of_x000D__x000A_    SQL Server Reporting Services or Power BI Report Server ([issue #2072](https://github.com/dsccommunity/SqlServerDsc/issues/2072))._x000D__x000A_    - Add additional properties to `Get-SqlDscRSSetupConfiguration` output._x000D__x000A_  - `Install-SqlDscReportingService` to install SQL Server Reporting Services_x000D__x000A_    ([issue #2010](https://github.com/dsccommunity/SqlServerDsc/issues/2010))._x000D__x000A_    - Add `PassThru` parameter to return exit code._x000D__x000A_  - `Install-SqlDscBIReportServer` to install SQL Server BI Report Server._x000D__x000A_    ([issue #2010](https://github.com/dsccommunity/SqlServerDsc/issues/2010))._x000D__x000A_    - Add `PassThru` parameter to return exit code._x000D__x000A_  - `Repair-SqlDscReportingService` to repair an already installed SQL Server_x000D__x000A_    Reporting Services ([issue #2064](https://github.com/dsccommunity/SqlServerDsc/issues/2064))._x000D__x000A_    - Add `PassThru` parameter to return exit code._x000D__x000A_  - `Repair-SqlDscBIReportServer` to repair an already installed SQL Server_x000D__x000A_    BI Report Server ([issue #2064](https://github.com/dsccommunity/SqlServerDsc/issues/2064))._x000D__x000A_    - Add `PassThru` parameter to return exit code._x000D__x000A_  - `Test-SqlDscRSInstalled` to test whether an instance is installed or not_x000D__x000A_     ([issue #2078](https://github.com/dsccommunity/SqlServerDsc/issues/2078))._x000D__x000A_  - `Uninstall-SqlDscReportingService` to uninstall SQL Server Reporting_x000D__x000A_    Services ([issue #2065](https://github.com/dsccommunity/SqlServerDsc/issues/2065))._x000D__x000A_    - Add `PassThru` parameter to return exit code._x000D__x000A_  - `Uninstall-SqlDscBIReportServer` to uninstall SQL Server BI Report Server_x000D__x000A_    ([issue #2065](https://github.com/dsccommunity/SqlServerDsc/issues/2065))._x000D__x000A_    - Add `PassThru` parameter to return exit code._x000D__x000A_  - `ConvertTo-SqlDscEditionName` to return the edition name of the specified_x000D__x000A_    edition ID._x000D__x000A_- Private function:_x000D__x000A_  - `Invoke-ReportServerSetupAction` to run setup actions for Reporting_x000D__x000A_    Services and Power BI Report Server._x000D__x000A_- Added new instructions for GitHub Copilot that might assist when developing_x000D__x000A_  command and private functions in the module. More instructions should be_x000D__x000A_  added as needed to help generated code and tests._x000D__x000A__x000D__x000A_### Changed_x000D__x000A__x000D__x000A_- SqlServerDsc_x000D__x000A_  - The examples that was located in the README in the examples folder has_x000D__x000A_    now been moved to the WikiSource folder. The examples are published to_x000D__x000A_    the repository Wiki. The README has been updated to link to the new_x000D__x000A_    location ([issue #2051](https://github.com/dsccommunity/SqlServerDsc/issues/2051))._x000D__x000A_  - Integration test stages has been modified to split the testing into_x000D__x000A_    several different areas. The tests are dependent on this order:_x000D__x000A_    - Quality_Test_and_Unit_Test_x000D__x000A_    - Integration_Test_Commands_SqlServer_x000D__x000A_      - Integration_Test_Commands_ReportingServices_x000D__x000A_      - Integration_Test_Commands_BIReportServer_x000D__x000A_    - Integration_Test_Resources_SqlServer_x000D__x000A_      - Integration_Test_Resources_SqlServer_dbatools_x000D__x000A_      - Integration_Test_Resources_ReportingServices_x000D__x000A_        - Integration_Test_Resources_ReportingServices_dbatools_x000D__x000A_  - Update build script path in integration tests._x000D__x000A_  - Fix style formatting in all PowerShell script files._x000D__x000A_  - Update module description on GitHub, in the conceptual help, and in_x000D__x000A_    the module manifest._x000D__x000A_  - Now integration tests will fail on an exception when the command `Test-DscConfiguration`_x000D__x000A_    is run._x000D__x000A_  - Added Test-SqlDscIsRole to be used like Test-SqlDscIsLogin but tests_x000D__x000A_    for a server role as principal._x000D__x000A_  - Refine and enhance clarity in Copilot instructions._x000D__x000A_- SqlSetup_x000D__x000A_  - Fixed issue with AddNode where cluster IP information was not being passed to_x000D__x000A_    setup.exe ([issue #1171](https://github.com/dsccommunity/SqlServerDsc/issues/1171))._x000D__x000A_- SqlRSSetup_x000D__x000A_  - The DSC resource has been refactored into a class-based resource._x000D__x000A_- `Set-SqlDscServerPermission`_x000D__x000A_  - Added support for assigning permissions to a server role._x000D__x000A__x000D__x000A_### Fixed_x000D__x000A__x000D__x000A_- Fixed workaround for the GitHub Actions to support building module in Windows_x000D__x000A_  PowerShell._x000D__x000A_- Fix tests to redirect output streams correctly._x000D__x000A_- SqlServerDsc_x000D__x000A_  - Fix localization tests._x000D__x000A_  - Cleanup in unit tests for classes._x000D__x000A_  - Cleanup in localization string files._x000D__x000A_- `SqlAudit`_x000D__x000A_  - Fix localization strings in `Assert` method._x000D__x000A_- `Save-SqlDscSqlServerMediaFile`_x000D__x000A_  - Fix localizations strings that used wrong keys._x000D__x000A_  - Fix unit tests so they work cross-platform._x000D__x000A_- `Install-SqlDscServer` and private function `Invoke-SetupAction`_x000D__x000A_  - Fix localization string keys naming._x000D__x000A_  - Fix unit tests to use correct localization string names._x000D__x000A_  - Remove redundant unit tests._x000D__x000A_- `SqlConfiguration`_x000D__x000A_  - Change the alias command to real command name, to pass HQRM tests._x000D__x000A_- `SqlDatabaseUser`_x000D__x000A_  - Change the alias command to real command name, to pass HQRM tests._x000D__x000A_- `SqlMaxDop`_x000D__x000A_  - Change the alias command to real command name, to pass HQRM tests._x000D__x000A_- `SqlMemory`_x000D__x000A_  - Change the alias command to real command name, to pass HQRM tests._x000D__x000A_- `SqlReplication`_x000D__x000A_  - Change the alias command to real command name, to pass HQRM tests._x000D__x000A_- `SqlRSSetup`_x000D__x000A_  - Change the alias command to real command name, to pass HQRM tests._x000D__x000A_- `SqlServiceAccount`_x000D__x000A_  - Change the alias command to real command name, to pass HQRM tests._x000D__x000A_- `Get-SqlDscRSSetupConfiguration`_x000D__x000A_  - The integration test was updated to verify so that the `CurrentVersion`_x000D__x000A_    and `ProductVersion` strings can be converted to valid versions and_x000D__x000A_    that they always are higher than what we expect._x000D__x000A_- `SqlRS`_x000D__x000A_  - Re-enable integration tests._x000D__x000A_- `SqlAG`_x000D__x000A_  - Fix SeedingMode existence condition._x000D__x000A_- `SqlAGReplica`_x000D__x000A_  - Fix SeedingMode existence condition.</S>
          <S N="isLatestVersion">True</S>
          <S N="isAbsoluteLatestVersion">True</S>
          <S N="versionDownloadCount">54593</S>
          <S N="downloadCount">10418677</S>
          <S N="packageSize">572215</S>
          <S N="published">22/05/2025 18:11:39 +01:00</S>
          <S N="created">22/05/2025 18:11:39 +01:00</S>
          <S N="lastUpdated">03/06/2025 15:20:00 +01:00</S>
          <S N="tags">DesiredStateConfiguration DSC DSCResourceKit DSCResource SqlServer PowerBI ReportingServices ReportServer PSModule PSFunction_Add-SqlDscNode PSCommand_Add-SqlDscNode PSFunction_Add-SqlDscTraceFlag PSCommand_Add-SqlDscTraceFlag PSFunction_Complete-SqlDscFailoverCluster PSCommand_Complete-SqlDscFailoverCluster PSFunction_Complete-SqlDscImage PSCommand_Complete-SqlDscImage PSFunction_Connect-SqlDscDatabaseEngine PSCommand_Connect-SqlDscDatabaseEngine PSFunction_ConvertFrom-SqlDscDatabasePermission PSCommand_ConvertFrom-SqlDscDatabasePermission PSFunction_ConvertFrom-SqlDscServerPermission PSCommand_ConvertFrom-SqlDscServerPermission PSFunction_ConvertTo-SqlDscDatabasePermission PSCommand_ConvertTo-SqlDscDatabasePermission PSFunction_ConvertTo-SqlDscEditionName PSCommand_ConvertTo-SqlDscEditionName PSFunction_ConvertTo-SqlDscServerPermission PSCommand_ConvertTo-SqlDscServerPermission PSFunction_Disable-SqlDscAudit PSCommand_Disable-SqlDscAudit PSFunction_Disconnect-SqlDscDatabaseEngine PSCommand_Disconnect-SqlDscDatabaseEngine PSFunction_Enable-SqlDscAudit PSCommand_Enable-SqlDscAudit PSFunction_Get-SqlDscAudit PSCommand_Get-SqlDscAudit PSFunction_Get-SqlDscConfigurationOption PSCommand_Get-SqlDscConfigurationOption PSFunction_Get-SqlDscDatabasePermission PSCommand_Get-SqlDscDatabasePermission PSFunction_Get-SqlDscInstalledInstance PSCommand_Get-SqlDscInstalledInstance PSFunction_Get-SqlDscManagedComputer PSCommand_Get-SqlDscManagedComputer PSFunction_Get-SqlDscManagedComputerService PSCommand_Get-SqlDscManagedComputerService PSFunction_Get-SqlDscPreferredModule PSCommand_Get-SqlDscPreferredModule PSFunction_Get-SqlDscRSSetupConfiguration PSCommand_Get-SqlDscRSSetupConfiguration PSFunction_Get-SqlDscServerPermission PSCommand_Get-SqlDscServerPermission PSFunction_Get-SqlDscStartupParameter PSCommand_Get-SqlDscStartupParameter PSFunction_Get-SqlDscTraceFlag PSCommand_Get-SqlDscTraceFlag PSFunction_Import-SqlDscPreferredModule PSCommand_Import-SqlDscPreferredModule PSFunction_Initialize-SqlDscRebuildDatabase PSCommand_Initialize-SqlDscRebuildDatabase PSFunction_Install-SqlDscBIReportServer PSCommand_Install-SqlDscBIReportServer PSFunction_Install-SqlDscReportingService PSCommand_Install-SqlDscReportingService PSFunction_Install-SqlDscServer PSCommand_Install-SqlDscServer PSFunction_Invoke-SqlDscQuery PSCommand_Invoke-SqlDscQuery PSFunction_New-SqlDscAudit PSCommand_New-SqlDscAudit PSFunction_Remove-SqlDscAudit PSCommand_Remove-SqlDscAudit PSFunction_Remove-SqlDscNode PSCommand_Remove-SqlDscNode PSFunction_Remove-SqlDscTraceFlag PSCommand_Remove-SqlDscTraceFlag PSFunction_Repair-SqlDscBIReportServer PSCommand_Repair-SqlDscBIReportServer PSFunction_Repair-SqlDscReportingService PSCommand_Repair-SqlDscReportingService PSFunction_Repair-SqlDscServer PSCommand_Repair-SqlDscServer PSFunction_Save-SqlDscSqlServerMediaFile PSCommand_Save-SqlDscSqlServerMediaFile PSFunction_Set-SqlDscAudit PSCommand_Set-SqlDscAudit PSFunction_Set-SqlDscDatabasePermission PSCommand_Set-SqlDscDatabasePermission PSFunction_Set-SqlDscServerPermission PSCommand_Set-SqlDscServerPermission PSFunction_Set-SqlDscStartupParameter PSCommand_Set-SqlDscStartupParameter PSFunction_Set-SqlDscTraceFlag PSCommand_Set-SqlDscTraceFlag PSFunction_Test-SqlDscIsDatabasePrincipal PSCommand_Test-SqlDscIsDatabasePrincipal PSFunction_Test-SqlDscIsLogin PSCommand_Test-SqlDscIsLogin PSFunction_Test-SqlDscIsRole PSCommand_Test-SqlDscIsRole PSFunction_Test-SqlDscIsSupportedFeature PSCommand_Test-SqlDscIsSupportedFeature PSFunction_Test-SqlDscRSInstalled PSCommand_Test-SqlDscRSInstalled PSFunction_Uninstall-SqlDscBIReportServer PSCommand_Uninstall-SqlDscBIReportServer PSFunction_Uninstall-SqlDscReportingService PSCommand_Uninstall-SqlDscReportingService PSFunction_Uninstall-SqlDscServer PSCommand_Uninstall-SqlDscServer PSIncludes_Function PSDscResource_SqlAudit PSDscResource_SqlDatabasePermission PSDscResource_SqlPermission PSDscResource_SqlRSSetup PSDscResource_SqlAG PSDscResource_SqlAGDatabase PSDscResource_SqlAgentAlert PSDscResource_SqlAgentFailsafe PSDscResource_SqlAgentOperator PSDscResource_SqlAGListener PSDscResource_SqlAGReplica PSDscResource_SqlAlias PSDscResource_SqlAlwaysOnService PSDscResource_SqlConfiguration PSDscResource_SqlDatabase PSDscResource_SqlDatabaseDefaultLocation PSDscResource_SqlDatabaseMail PSDscResource_SqlDatabaseObjectPermission PSDscResource_SqlDatabaseRole PSDscResource_SqlDatabaseUser PSDscResource_SqlEndpoint PSDscResource_SqlEndpointPermission PSDscResource_SqlLogin PSDscResource_SqlMaxDop PSDscResource_SqlMemory PSDscResource_SqlProtocol PSDscResource_SqlProtocolTcpIp PSDscResource_SqlReplication PSDscResource_SqlRole PSDscResource_SqlRS PSDscResource_SqlScript PSDscResource_SqlScriptQuery PSDscResource_SqlSecureConnection PSDscResource_SqlServiceAccount PSDscResource_SqlSetup PSDscResource_SqlTraceFlag PSDscResource_SqlWaitForAG PSDscResource_SqlWindowsFirewall PSIncludes_DscResource</S>
          <S N="developmentDependency">False</S>
          <S N="updated">2025-06-03T15:20:00Z</S>
          <S N="NormalizedVersion">17.1.0</S>
          <S N="Authors">DSC Community</S>
          <S N="IsPrerelease">false</S>
          <S N="ItemType">Module</S>
          <S N="FileList">SqlServerDsc.nuspec|SqlServerDsc.psd1|DSCResources\DSC_SqlAGListener\README.md|SqlServerDsc.psm1|DSCResources\DSC_SqlAGListener\DSC_SqlAGListener.psm1|DSCResources\DSC_SqlDatabaseRole\DSC_SqlDatabaseRole.schema.mof|en-US\SqlServerDsc-help.xml|DSCResources\DSC_SqlDatabaseRole\README.md|en-US\about_SqlRSSetup.help.txt|DSCResources\DSC_SqlDatabaseRole\DSC_SqlDatabaseRole.psm1|en-US\about_SqlDatabasePermission.help.txt|DSCResources\DSC_SqlAlias\DSC_SqlAlias.schema.mof|en-US\SqlServerDsc.strings.psd1|DSCResources\DSC_SqlAlias\README.md|en-US\SqlResourceBase.strings.psd1|DSCResources\DSC_SqlAlias\DSC_SqlAlias.psm1|en-US\about_SqlServerDsc.help.txt|DSCResources\DSC_SqlEndpoint\DSC_SqlEndpoint.psm1|en-US\SqlAudit.strings.psd1|DSCResources\DSC_SqlEndpoint\DSC_SqlEndpoint.schema.mof|en-US\about_SqlPermission.help.txt|DSCResources\DSC_SqlEndpoint\README.md|en-US\about_SqlAudit.help.txt|DSCResources\DSC_SqlAlwaysOnService\DSC_SqlAlwaysOnService.psm1|en-US\SqlPermission.strings.psd1|DSCResources\DSC_SqlAlwaysOnService\README.md|en-US\SqlRSSetup.strings.psd1|DSCResources\DSC_SqlAlwaysOnService\DSC_SqlAlwaysOnService.schema.mof|en-US\SqlDatabasePermission.strings.psd1|Modules\SqlServerDsc.Common\SqlServerDsc.Common.psd1|DSCResources\DSC_SqlLogin\README.md|Modules\SqlServerDsc.Common\SqlServerDsc.Common.psm1|DSCResources\DSC_SqlLogin\DSC_SqlLogin.psm1|DSCResources\DSC_SqlLogin\en-US\about_SqlLogin.help.txt|DSCResources\DSC_SqlLogin\DSC_SqlLogin.schema.mof|DSCResources\DSC_SqlLogin\en-US\DSC_SqlLogin.strings.psd1|DSCResources\DSC_SqlAgentAlert\README.md|DSCResources\DSC_SqlAgentAlert\en-US\DSC_SqlAgentAlert.strings.psd1|DSCResources\DSC_SqlAgentAlert\DSC_SqlAgentAlert.psm1|DSCResources\DSC_SqlAgentAlert\en-US\about_SqlAgentAlert.help.txt|DSCResources\DSC_SqlAgentAlert\DSC_SqlAgentAlert.schema.mof|DSCResources\DSC_SqlSecureConnection\en-US\about_SqlSecureConnection.help.txt|DSCResources\DSC_SqlSecureConnection\DSC_SqlSecureConnection.schema.mof|DSCResources\DSC_SqlSecureConnection\en-US\DSC_SqlSecureConnection.strings.psd1|DSCResources\DSC_SqlSecureConnection\README.md|DSCResources\DSC_SqlAGDatabase\en-US\about_SqlAGDatabase.help.txt|DSCResources\DSC_SqlSecureConnection\DSC_SqlSecureConnection.psm1|DSCResources\DSC_SqlAGDatabase\en-US\DSC_SqlAGDatabase.strings.psd1|DSCResources\DSC_SqlAGDatabase\README.md|DSCResources\DSC_SqlProtocolTcpIp\en-US\DSC_SqlProtocolTcpIp.strings.psd1|DSCResources\DSC_SqlAGDatabase\DSC_SqlAGDatabase.psm1|DSCResources\DSC_SqlProtocolTcpIp\en-US\about_SqlProtocolTcpIp.help.txt|DSCResources\DSC_SqlAGDatabase\DSC_SqlAGDatabase.schema.mof|DSCResources\DSC_SqlRS\en-US\DSC_SqlRS.strings.psd1|DSCResources\DSC_SqlProtocolTcpIp\DSC_SqlProtocolTcpIp.schema.mof|DSCResources\DSC_SqlRS\en-US\about_SqlRS.help.txt|DSCResources\DSC_SqlProtocolTcpIp\README.md|DSCResources\DSC_SqlServiceAccount\en-US\about_SqlServiceAccount.help.txt|DSCResources\DSC_SqlProtocolTcpIp\DSC_SqlProtocolTcpIp.psm1|DSCResources\DSC_SqlServiceAccount\en-US\DSC_SqlServiceAccount.strings.psd1|DSCResources\DSC_SqlRS\DSC_SqlRS.schema.mof|DSCResources\DSC_SqlEndpointPermission\en-US\about_SqlEndpointPermission.help.txt|DSCResources\DSC_SqlRS\DSC_SqlRS.psm1|DSCResources\DSC_SqlEndpointPermission\en-US\DSC_SqlEndpointPermission.strings.psd1|DSCResources\DSC_SqlRS\README.md|DSCResources\DSC_SqlScript\en-US\DSC_SqlScript.strings.psd1|DSCResources\DSC_SqlServiceAccount\DSC_SqlServiceAccount.psm1|DSCResources\DSC_SqlScript\en-US\about_SqlScript.help.txt|DSCResources\DSC_SqlServiceAccount\README.md|DSCResources\DSC_SqlDatabaseUser\en-US\DSC_SqlDatabaseUser.strings.psd1|DSCResources\DSC_SqlServiceAccount\DSC_SqlServiceAccount.schema.mof|DSCResources\DSC_SqlDatabaseUser\en-US\about_SqlDatabaseUser.help.txt|DSCResources\DSC_SqlEndpointPermission\README.md|DSCResources\DSC_SqlDatabaseDefaultLocation\en-US\DSC_SqlDatabaseDefaultLocation.strings.psd1|DSCResources\DSC_SqlEndpointPermission\DSC_SqlEndpointPermission.psm1|DSCResources\DSC_SqlDatabaseDefaultLocation\en-US\about_SqlDatabaseDefaultLocation.help.txt|DSCResources\DSC_SqlEndpointPermission\DSC_SqlEndpointPermission.schema.mof|DSCResources\DSC_SqlWindowsFirewall\en-US\about_SqlWindowsFirewall.help.txt|DSCResources\DSC_SqlScript\DSC_SqlScript.schema.mof|DSCResources\DSC_SqlWindowsFirewall\en-US\DSC_SqlWindowsFirewall.strings.psd1|DSCResources\DSC_SqlScript\README.md|DSCResources\DSC_SqlTraceFlag\en-US\DSC_SqlTraceFlag.strings.psd1|DSCResources\DSC_SqlScript\DSC_SqlScript.psm1|DSCResources\DSC_SqlTraceFlag\en-US\about_SqlTraceFlag.help.txt|DSCResources\DSC_SqlDatabaseUser\DSC_SqlDatabaseUser.schema.mof|DSCResources\DSC_SqlAG\en-US\about_SqlAG.help.txt|DSCResources\DSC_SqlDatabaseUser\README.md|DSCResources\DSC_SqlAG\en-US\DSC_SqlAG.strings.psd1|DSCResources\DSC_SqlDatabaseUser\DSC_SqlDatabaseUser.psm1|DSCResources\DSC_SqlDatabaseMail\en-US\about_SqlDatabaseMail.help.txt|DSCResources\DSC_SqlDatabaseDefaultLocation\DSC_SqlDatabaseDefaultLocation.psm1|DSCResources\DSC_SqlDatabaseMail\en-US\DSC_SqlDatabaseMail.strings.psd1|DSCResources\DSC_SqlDatabaseDefaultLocation\DSC_SqlDatabaseDefaultLocation.schema.mof|DSCResources\DSC_SqlRole\en-US\about_SqlRole.help.txt|DSCResources\DSC_SqlDatabaseDefaultLocation\README.md|DSCResources\DSC_SqlRole\en-US\DSC_SqlRole.strings.psd1|DSCResources\DSC_SqlWindowsFirewall\DSC_SqlWindowsFirewall.schema.mof|DSCResources\DSC_SqlDatabaseObjectPermission\en-US\DSC_SqlDatabaseObjectPermission.strings.psd1|DSCResources\DSC_SqlWindowsFirewall\README.md|DSCResources\DSC_SqlDatabaseObjectPermission\en-US\about_SqlDatabaseObjectPermission.help.txt|DSCResources\DSC_SqlWindowsFirewall\DSC_SqlWindowsFirewall.psm1|DSCResources\DSC_SqlAgentOperator\en-US\DSC_SqlAgentOperator.strings.psd1|DSCResources\DSC_SqlTraceFlag\DSC_SqlTraceFlag.schema.mof|DSCResources\DSC_SqlAgentOperator\en-US\about_SqlAgentOperator.help.txt|DSCResources\DSC_SqlTraceFlag\README.md|DSCResources\DSC_SqlAgentFailsafe\en-US\about_SqlAgentFailsafe.help.txt|DSCResources\DSC_SqlTraceFlag\DSC_SqlTraceFlag.psm1|DSCResources\DSC_SqlAgentFailsafe\en-US\DSC_SqlAgentFailsafe.strings.psd1|DSCResources\DSC_SqlAG\DSC_SqlAG.schema.mof|DSCResources\DSC_SqlDatabase\en-US\DSC_SqlDatabase.strings.psd1|DSCResources\DSC_SqlAG\README.md|DSCResources\DSC_SqlDatabase\en-US\about_SqlDatabase.help.txt|DSCResources\DSC_SqlAG\DSC_SqlAG.psm1|DSCResources\DSC_SqlConfiguration\en-US\DSC_SqlConfiguration.strings.psd1|DSCResources\DSC_SqlDatabaseMail\DSC_SqlDatabaseMail.psm1|DSCResources\DSC_SqlConfiguration\en-US\about_SqlConfiguration.help.txt|DSCResources\DSC_SqlDatabaseMail\DSC_SqlDatabaseMail.schema.mof|DSCResources\DSC_SqlAGReplica\en-US\DSC_SqlAGReplica.strings.psd1|DSCResources\DSC_SqlDatabaseMail\README.md|DSCResources\DSC_SqlAGReplica\en-US\about_SqlAGReplica.help.txt|DSCResources\DSC_SqlRole\DSC_SqlRole.psm1|DSCResources\DSC_SqlWaitForAG\en-US\about_SqlWaitForAG.help.txt|DSCResources\DSC_SqlRole\README.md|DSCResources\DSC_SqlWaitForAG\en-US\DSC_SqlWaitForAG.strings.psd1|DSCResources\DSC_SqlRole\DSC_SqlRole.schema.mof|DSCResources\DSC_SqlProtocol\en-US\DSC_SqlProtocol.strings.psd1|DSCResources\DSC_SqlDatabaseObjectPermission\README.md|DSCResources\DSC_SqlProtocol\en-US\about_SqlProtocol.help.txt|DSCResources\DSC_SqlDatabaseObjectPermission\DSC_SqlDatabaseObjectPermission.schema.mof|DSCResources\DSC_SqlMemory\en-US\about_SqlMemory.help.txt|DSCResources\DSC_SqlDatabaseObjectPermission\DSC_SqlDatabaseObjectPermission.psm1|DSCResources\DSC_SqlMemory\en-US\DSC_SqlMemory.strings.psd1|DSCResources\DSC_SqlAgentOperator\README.md|DSCResources\DSC_SqlScriptQuery\en-US\about_SqlScriptQuery.help.txt|DSCResources\DSC_SqlAgentOperator\DSC_SqlAgentOperator.schema.mof|DSCResources\DSC_SqlScriptQuery\en-US\DSC_SqlScriptQuery.strings.psd1|DSCResources\DSC_SqlAgentOperator\DSC_SqlAgentOperator.psm1|DSCResources\DSC_SqlReplication\en-US\about_SqlReplication.help.txt|DSCResources\DSC_SqlAgentFailsafe\DSC_SqlAgentFailsafe.psm1|DSCResources\DSC_SqlReplication\en-US\DSC_SqlReplication.strings.psd1|DSCResources\DSC_SqlAgentFailsafe\README.md|DSCResources\DSC_SqlSetup\sv-SE\DSC_SqlSetup.strings.psd1|DSCResources\DSC_SqlAgentFailsafe\DSC_SqlAgentFailsafe.schema.mof|DSCResources\DSC_SqlSetup\en-US\about_SqlSetup.help.txt|DSCResources\DSC_SqlDatabase\DSC_SqlDatabase.psm1|DSCResources\DSC_SqlSetup\en-US\DSC_SqlSetup.strings.psd1|DSCResources\DSC_SqlDatabase\DSC_SqlDatabase.schema.mof|DSCResources\DSC_SqlMaxDop\en-US\DSC_SqlMaxDop.strings.psd1|DSCResources\DSC_SqlDatabase\README.md|DSCResources\DSC_SqlMaxDop\en-US\about_SqlMaxDop.help.txt|DSCResources\DSC_SqlConfiguration\DSC_SqlConfiguration.psm1|DSCResources\DSC_SqlAGListener\en-US\about_SqlAGListener.help.txt|DSCResources\DSC_SqlConfiguration\README.md|DSCResources\DSC_SqlAGListener\en-US\DSC_SqlAGListener.strings.psd1|DSCResources\DSC_SqlConfiguration\DSC_SqlConfiguration.schema.mof|DSCResources\DSC_SqlDatabaseRole\en-US\DSC_SqlDatabaseRole.strings.psd1|DSCResources\DSC_SqlAGReplica\DSC_SqlAGReplica.psm1|DSCResources\DSC_SqlDatabaseRole\en-US\about_SqlDatabaseRole.help.txt|DSCResources\DSC_SqlAGReplica\README.md|DSCResources\DSC_SqlAlias\en-US\DSC_SqlAlias.strings.psd1|DSCResources\DSC_SqlAGReplica\DSC_SqlAGReplica.schema.mof|DSCResources\DSC_SqlAlias\en-US\about_SqlAlias.help.txt|DSCResources\DSC_SqlWaitForAG\DSC_SqlWaitForAG.schema.mof|DSCResources\DSC_SqlEndpoint\en-US\DSC_SqlEndpoint.strings.psd1|DSCResources\DSC_SqlWaitForAG\DSC_SqlWaitForAG.psm1|DSCResources\DSC_SqlEndpoint\en-US\about_SqlEndpoint.help.txt|DSCResources\DSC_SqlWaitForAG\README.md|DSCResources\DSC_SqlAlwaysOnService\en-US\about_SqlAlwaysOnService.help.txt|DSCResources\DSC_SqlProtocol\DSC_SqlProtocol.psm1|DSCResources\DSC_SqlAlwaysOnService\en-US\DSC_SqlAlwaysOnService.strings.psd1|DSCResources\DSC_SqlProtocol\README.md|Modules\DscResource.Common\0.23.0\DscResource.Common.psm1|DSCResources\DSC_SqlProtocol\DSC_SqlProtocol.schema.mof|Modules\DscResource.Common\0.23.0\DscResource.Common.psd1|DSCResources\DSC_SqlMemory\DSC_SqlMemory.psm1|Modules\SqlServerDsc.Common\sv-SE\SqlServerDsc.Common.strings.psd1|DSCResources\DSC_SqlMemory\README.md|Modules\SqlServerDsc.Common\en-US\SqlServerDsc.Common.strings.psd1|DSCResources\DSC_SqlMemory\DSC_SqlMemory.schema.mof|Modules\DscResource.Base\1.3.0\DscResource.Base.psd1|DSCResources\DSC_SqlScriptQuery\README.md|Modules\DscResource.Base\1.3.0\DscResource.Base.psm1|DSCResources\DSC_SqlScriptQuery\DSC_SqlScriptQuery.schema.mof|Modules\DscResource.Common\0.23.0\en-US\DscResource.Common.strings.psd1|DSCResources\DSC_SqlScriptQuery\DSC_SqlScriptQuery.psm1|Modules\DscResource.Common\0.23.0\en-US\DscResource.Common-help.xml|DSCResources\DSC_SqlReplication\DSC_SqlReplication.schema.mof|Modules\DscResource.Common\0.23.0\en-US\about_DscResource.Common.help.txt|DSCResources\DSC_SqlReplication\README.md|Modules\DscResource.Base\1.3.0\en-US\about_DscResource.Base.help.txt|DSCResources\DSC_SqlReplication\DSC_SqlReplication.psm1|Modules\DscResource.Base\1.3.0\en-US\ResourceBase.strings.psd1|DSCResources\DSC_SqlSetup\DSC_SqlSetup.schema.mof|Modules\DscResource.Base\1.3.0\en-US\DscResource.Base.strings.psd1|DSCResources\DSC_SqlSetup\README.md|Modules\DscResource.Base\1.3.0\Modules\DscResource.Common\0.20.1\DscResource.Common.psm1|DSCResources\DSC_SqlSetup\DSC_SqlSetup.psm1|Modules\DscResource.Base\1.3.0\Modules\DscResource.Common\0.20.1\DscResource.Common.psd1|DSCResources\DSC_SqlMaxDop\DSC_SqlMaxDop.psm1|Modules\DscResource.Base\1.3.0\Modules\DscResource.Common\0.20.1\en-US\DscResource.Common.strings.psd1|DSCResources\DSC_SqlMaxDop\DSC_SqlMaxDop.schema.mof|Modules\DscResource.Base\1.3.0\Modules\DscResource.Common\0.20.1\en-US\DscResource.Common-help.xml|DSCResources\DSC_SqlMaxDop\README.md|Modules\DscResource.Base\1.3.0\Modules\DscResource.Common\0.20.1\en-US\about_DscResource.Common.help.txt|DSCResources\DSC_SqlAGListener\DSC_SqlAGListener.schema.mof</S>
          <S N="GUID">693ee082-ed36-45a7-b490-88b07c86b42f</S>
          <S N="PowerShellVersion">5.0</S>
          <S N="CLRVersion">4.0</S>
          <S N="CompanyName">DSC Community</S>
        </MS>
      </Obj>
      <S N="InstalledLocation">C:\Users\Chris\OneDrive\Documents\PowerShell\Modules\SqlServerDsc\17.1.0</S>
    </MS>
  </Obj>
</Objs>
