<Objs Version="1.1.0.1" xmlns="http://schemas.microsoft.com/powershell/2004/04">
  <Obj RefId="0">
    <TN RefId="0">
      <T>Microsoft.PowerShell.Commands.PSRepositoryItemInfo</T>
      <T>System.Management.Automation.PSCustomObject</T>
      <T>System.Object</T>
    </TN>
    <MS>
      <S N="Name">SqlServerDsc</S>
      <Version N="Version">16.2.0</Version>
      <S N="Type">Module</S>
      <S N="Description">Module with DSC resources for deployment and configuration of Microsoft SQL Server.</S>
      <S N="Author">DSC Community</S>
      <Obj N="CompanyName" RefId="1">
        <TN RefId="1">
          <T>System.Object[]</T>
          <T>System.Array</T>
          <T>System.Object</T>
        </TN>
        <LST>
          <S>PowerShellTeam</S>
          <S>gaelcolas</S>
          <S>dsccommunity</S>
        </LST>
      </Obj>
      <S N="Copyright">Copyright the DSC Community contributors. All rights reserved.</S>
      <DT N="PublishedDate">2023-04-10T16:37:49+01:00</DT>
      <Obj N="InstalledDate" RefId="2">
        <DT>2023-01-18T09:06:40.2921492+00:00</DT>
        <MS>
          <Obj N="DisplayHint" RefId="3">
            <TN RefId="2">
              <T>Deserialized.Microsoft.PowerShell.Commands.DisplayHintType</T>
              <T>Deserialized.System.Enum</T>
              <T>Deserialized.System.ValueType</T>
              <T>Deserialized.System.Object</T>
            </TN>
            <ToString>DateTime</ToString>
            <I32>2</I32>
          </Obj>
        </MS>
      </Obj>
      <Obj N="UpdatedDate" RefId="4">
        <DT>2023-04-25T16:01:31.3582137+01:00</DT>
        <MS>
          <Obj N="DisplayHint" RefId="5">
            <TN RefId="3">
              <T>Microsoft.PowerShell.Commands.DisplayHintType</T>
              <T>System.Enum</T>
              <T>System.ValueType</T>
              <T>System.Object</T>
            </TN>
            <ToString>DateTime</ToString>
            <I32>2</I32>
          </Obj>
        </MS>
      </Obj>
      <URI N="LicenseUri">https://github.com/dsccommunity/SqlServerDsc/blob/main/LICENSE</URI>
      <URI N="ProjectUri">https://github.com/dsccommunity/SqlServerDsc</URI>
      <URI N="IconUri">https://dsccommunity.org/images/DSC_Logo_300p.png</URI>
      <Obj N="Tags" RefId="6">
        <TNRef RefId="1" />
        <LST>
          <S>DesiredStateConfiguration</S>
          <S>DSC</S>
          <S>DSCResourceKit</S>
          <S>DSCResource</S>
          <S>PSModule</S>
        </LST>
      </Obj>
      <Obj N="Includes" RefId="7">
        <TN RefId="4">
          <T>System.Collections.Hashtable</T>
          <T>System.Object</T>
        </TN>
        <DCT>
          <En>
            <S N="Key">Command</S>
            <Obj N="Value" RefId="8">
              <TNRef RefId="1" />
              <LST>
                <S>Add-SqlDscNode</S>
                <S>Add-SqlDscTraceFlag</S>
                <S>Complete-SqlDscFailoverCluster</S>
                <S>Complete-SqlDscImage</S>
                <S>Connect-SqlDscDatabaseEngine</S>
                <S>ConvertFrom-SqlDscDatabasePermission</S>
                <S>ConvertFrom-SqlDscServerPermission</S>
                <S>ConvertTo-SqlDscDatabasePermission</S>
                <S>ConvertTo-SqlDscServerPermission</S>
                <S>Disable-SqlDscAudit</S>
                <S>Enable-SqlDscAudit</S>
                <S>Get-SqlDscAudit</S>
                <S>Get-SqlDscDatabasePermission</S>
                <S>Get-SqlDscManagedComputer</S>
                <S>Get-SqlDscManagedComputerService</S>
                <S>Get-SqlDscPreferredModule</S>
                <S>Get-SqlDscServerPermission</S>
                <S>Get-SqlDscStartupParameter</S>
                <S>Get-SqlDscTraceFlag</S>
                <S>Import-SqlDscPreferredModule</S>
                <S>Initialize-SqlDscRebuildDatabase</S>
                <S>Install-SqlDscServer</S>
                <S>Invoke-SqlDscQuery</S>
                <S>New-SqlDscAudit</S>
                <S>Remove-SqlDscAudit</S>
                <S>Remove-SqlDscNode</S>
                <S>Remove-SqlDscTraceFlag</S>
                <S>Repair-SqlDscServer</S>
                <S>Set-SqlDscAudit</S>
                <S>Set-SqlDscDatabasePermission</S>
                <S>Set-SqlDscServerPermission</S>
                <S>Set-SqlDscStartupParameter</S>
                <S>Set-SqlDscTraceFlag</S>
                <S>Test-SqlDscIsDatabasePrincipal</S>
                <S>Test-SqlDscIsLogin</S>
                <S>Uninstall-SqlDscServer</S>
              </LST>
            </Obj>
          </En>
          <En>
            <S N="Key">DscResource</S>
            <Obj N="Value" RefId="9">
              <TNRef RefId="1" />
              <LST>
                <S>SqlAudit</S>
                <S>SqlDatabasePermission</S>
                <S>SqlPermission</S>
                <S>SqlAG</S>
                <S>SqlAGDatabase</S>
                <S>SqlAgentAlert</S>
                <S>SqlAgentFailsafe</S>
                <S>SqlAgentOperator</S>
                <S>SqlAGListener</S>
                <S>SqlAGReplica</S>
                <S>SqlAlias</S>
                <S>SqlAlwaysOnService</S>
                <S>SqlConfiguration</S>
                <S>SqlDatabase</S>
                <S>SqlDatabaseDefaultLocation</S>
                <S>SqlDatabaseMail</S>
                <S>SqlDatabaseObjectPermission</S>
                <S>SqlDatabaseRole</S>
                <S>SqlDatabaseUser</S>
                <S>SqlEndpoint</S>
                <S>SqlEndpointPermission</S>
                <S>SqlLogin</S>
                <S>SqlMaxDop</S>
                <S>SqlMemory</S>
                <S>SqlProtocol</S>
                <S>SqlProtocolTcpIp</S>
                <S>SqlReplication</S>
                <S>SqlRole</S>
                <S>SqlRS</S>
                <S>SqlRSSetup</S>
                <S>SqlScript</S>
                <S>SqlScriptQuery</S>
                <S>SqlSecureConnection</S>
                <S>SqlServiceAccount</S>
                <S>SqlSetup</S>
                <S>SqlTraceFlag</S>
                <S>SqlWaitForAG</S>
                <S>SqlWindowsFirewall</S>
              </LST>
            </Obj>
          </En>
          <En>
            <S N="Key">Cmdlet</S>
            <Obj N="Value" RefId="10">
              <TNRef RefId="1" />
              <LST />
            </Obj>
          </En>
          <En>
            <S N="Key">Workflow</S>
            <Ref N="Value" RefId="10" />
          </En>
          <En>
            <S N="Key">Function</S>
            <Obj N="Value" RefId="11">
              <TNRef RefId="1" />
              <LST>
                <S>Add-SqlDscNode</S>
                <S>Add-SqlDscTraceFlag</S>
                <S>Complete-SqlDscFailoverCluster</S>
                <S>Complete-SqlDscImage</S>
                <S>Connect-SqlDscDatabaseEngine</S>
                <S>ConvertFrom-SqlDscDatabasePermission</S>
                <S>ConvertFrom-SqlDscServerPermission</S>
                <S>ConvertTo-SqlDscDatabasePermission</S>
                <S>ConvertTo-SqlDscServerPermission</S>
                <S>Disable-SqlDscAudit</S>
                <S>Enable-SqlDscAudit</S>
                <S>Get-SqlDscAudit</S>
                <S>Get-SqlDscDatabasePermission</S>
                <S>Get-SqlDscManagedComputer</S>
                <S>Get-SqlDscManagedComputerService</S>
                <S>Get-SqlDscPreferredModule</S>
                <S>Get-SqlDscServerPermission</S>
                <S>Get-SqlDscStartupParameter</S>
                <S>Get-SqlDscTraceFlag</S>
                <S>Import-SqlDscPreferredModule</S>
                <S>Initialize-SqlDscRebuildDatabase</S>
                <S>Install-SqlDscServer</S>
                <S>Invoke-SqlDscQuery</S>
                <S>New-SqlDscAudit</S>
                <S>Remove-SqlDscAudit</S>
                <S>Remove-SqlDscNode</S>
                <S>Remove-SqlDscTraceFlag</S>
                <S>Repair-SqlDscServer</S>
                <S>Set-SqlDscAudit</S>
                <S>Set-SqlDscDatabasePermission</S>
                <S>Set-SqlDscServerPermission</S>
                <S>Set-SqlDscStartupParameter</S>
                <S>Set-SqlDscTraceFlag</S>
                <S>Test-SqlDscIsDatabasePrincipal</S>
                <S>Test-SqlDscIsLogin</S>
                <S>Uninstall-SqlDscServer</S>
              </LST>
            </Obj>
          </En>
          <En>
            <S N="Key">RoleCapability</S>
            <Ref N="Value" RefId="10" />
          </En>
        </DCT>
      </Obj>
      <Nil N="PowerShellGetFormatVersion" />
      <S N="ReleaseNotes">## [16.2.0] - 2023-04-10_x000D__x000A__x000D__x000A_### Added_x000D__x000A__x000D__x000A_- SqlServerDsc_x000D__x000A_  - New GitHub Actions workflow that run PSScriptAnalyzer for PRs so any_x000D__x000A_    issues are shown directly in the PR's changed files ([issue #1860](https://github.com/dsccommunity/SqlServerDsc/issues/1860))._x000D__x000A_  - Added a separate integration test jobs for SQL Server Reporting Services_x000D__x000A_    to be able to test configuring SQL Server Reportings Services using_x000D__x000A_    other values that the default values._x000D__x000A_  - Now updates GitHub Actions automatically by allowing dependabot sending_x000D__x000A_    in pull requests._x000D__x000A_  - New public command:_x000D__x000A_    - `Get-SqlDscPreferredModule` - Returns the name of the first available_x000D__x000A_      preferred module ([issue #1879](https://github.com/dsccommunity/SqlServerDsc/issues/1879))._x000D__x000A_      - Re-using the command `Get-PSModulePath` from the module DscResource.Common._x000D__x000A_- SqlSecureConnection_x000D__x000A_  - Added new parameter `ServerName` that will be used as the host name when_x000D__x000A_    restarting the SQL Server instance. The specified value should be the same_x000D__x000A_    name that is used in the certificate ([issue #1888](https://github.com/dsccommunity/SqlServerDsc/issues/1888))._x000D__x000A_- SqlSetup_x000D__x000A_  - Added new parameter `ServerName` that will be used as the host name when_x000D__x000A_    evaluating the SQL Server instance. If using a secure connection the_x000D__x000A_    specified value should be the same name that is used in the certificate_x000D__x000A_    ([issue #1893](https://github.com/dsccommunity/SqlServerDsc/issues/1893))._x000D__x000A__x000D__x000A_### Changed_x000D__x000A__x000D__x000A_- SqlServerDsc_x000D__x000A_  - Update `appveyor.yml` to use `dotnet tool install` to install _GitVersion_._x000D__x000A_  - Re-enable integration tests for SqlRSSetup and SqlRS when running against_x000D__x000A_    SQL Server 2019 ([issue #1847](https://github.com/dsccommunity/SqlServerDsc/issues/1847))._x000D__x000A_  - The private function `Import-SQLPSModule` was replaced throughout with_x000D__x000A_    the public command `Import-SqlDscPreferredModule` ([issue #1848](https://github.com/dsccommunity/SqlServerDsc/issues/1848))._x000D__x000A_  - Removed the regular expression `features?` from the GitVersion configuration._x000D__x000A_    Before, if a fix commit mentioned the word feature but means a SQL Server_x000D__x000A_    feature GitVersion would bump minor instead of patch number._x000D__x000A_  - Update pipeline script that is used to resolve dependencies._x000D__x000A_  - When running in Azure Pipelines any existing SqlServer module is removed_x000D__x000A_    before running integration tests, so the tests can update to latest version._x000D__x000A_  - Now the new label 'command proposal' is an exempt for labeling issues stale._x000D__x000A_  - Update the initializing header for all integration test to be equal to_x000D__x000A_    the unit tests._x000D__x000A_  - Rename task jobs in Azure Pipelines ([issue #1881](https://github.com/dsccommunity/SqlServerDsc/issues/1881))._x000D__x000A_  - Bump SqlServer version to 22.0.59 for integration tests for SQL Server 2022._x000D__x000A_- `Get-SqlDscAudit`_x000D__x000A_  - The parameter `Name` is no longer mandatory. When left out all the current_x000D__x000A_    audits are returned ([issue #1812](https://github.com/dsccommunity/SqlServerDsc/issues/1812))._x000D__x000A_- `Import-SqlDscPreferredModule`_x000D__x000A_  - Now correctly preserves paths that is set in the session for the environment_x000D__x000A_    variable `$env:PSModulePath`. If the module _SqlServer_ or _SQLPS_ are not_x000D__x000A_    found the command will populate the `$env:PSModulePath` with the_x000D__x000A_    unique paths from all targets; session, user, and machine. This is done_x000D__x000A_    so that any new path that was added to the machine or user target will_x000D__x000A_    also be set in the session._x000D__x000A_  - Now imports the preferred module into the global scope so that MOF-based_x000D__x000A_    resources (that is in another module scope) can use the imported module._x000D__x000A_  - Some code cleanup ([issue #1881](https://github.com/dsccommunity/SqlServerDsc/issues/1881))._x000D__x000A_  - Refactor to re-use the command `Get-SqlDscPreferredModule`._x000D__x000A_- SqlServerDsc.Common_x000D__x000A_  - `Restart-SqlService` no longer silently ignores errors that prevents_x000D__x000A_     the instance to go online. If the instance has not gone online during_x000D__x000A_     the timeout period the error thrown will no contain the last error_x000D__x000A_     reported by `Connect-SQL` ([issue #1891](https://github.com/dsccommunity/SqlServerDsc/issues/1891))._x000D__x000A_  - `Invoke-SqlScript` no longer passes the parameter `Variable` to_x000D__x000A_    `Invoke-SqlCmd` if it is not set ([issue #1896](https://github.com/dsccommunity/SqlServerDsc/issues/1896))._x000D__x000A_- `DatabasePermission`_x000D__x000A_  - Class was updated with the latest database permissions._x000D__x000A__x000D__x000A_### Fixed_x000D__x000A__x000D__x000A_- `Assert-SetupActionProperties`_x000D__x000A_  - Now throws an exception if the setup action is `Install` and the feature_x000D__x000A_    analysis services is specified without the parameter `ASSysAdminAccounts`_x000D__x000A_    ([issue #1845](https://github.com/dsccommunity/SqlServerDsc/issues/1845))._x000D__x000A_  - Now throws an exception if the setup action is `Install` and the feature_x000D__x000A_    database engine is specified without the parameter `SqlSysAdminAccounts`._x000D__x000A_- `Invoke-SetupAction`_x000D__x000A_  - The parameter `SqlSysAdminAccounts` is no longer mandatory to allow_x000D__x000A_    installation where the database engine is not installed._x000D__x000A_- `Install-SqlDscServer`_x000D__x000A_  - The parameter `SqlSysAdminAccounts` is no longer mandatory to allow_x000D__x000A_    installation where the database engine is not installed._x000D__x000A_- `SqlRS`_x000D__x000A_  - Fixed issue of configuring reporting services ([issue #1868](https://github.com/dsccommunity/SqlServerDsc/issues/1868))._x000D__x000A_  - Test renamed to `When Reports virtual directory is different` so it_x000D__x000A_    is more correct and not a duplicate._x000D__x000A_  - Integration tests configuration names was renamed to better tell what_x000D__x000A_    the configuration does ([issue #1880](https://github.com/dsccommunity/SqlServerDsc/issues/1880))._x000D__x000A_- SqlServerDsc.Common_x000D__x000A_  - The command `Restart-SqlService` was updated to correctly evaluate when_x000D__x000A_    the timeout value is reached ([issue #1889](https://github.com/dsccommunity/SqlServerDsc/issues/1889)).</S>
      <Obj N="Dependencies" RefId="12">
        <TNRef RefId="1" />
        <LST />
      </Obj>
      <S N="RepositorySourceLocation">https://www.powershellgallery.com/api/v2</S>
      <S N="Repository">PSGallery</S>
      <S N="PackageManagementProvider">NuGet</S>
      <Obj N="AdditionalMetadata" RefId="13">
        <TN RefId="5">
          <T>System.Management.Automation.PSCustomObject</T>
          <T>System.Object</T>
        </TN>
        <MS>
          <S N="copyright">Copyright the DSC Community contributors. All rights reserved.</S>
          <S N="description">Module with DSC resources for deployment and configuration of Microsoft SQL Server.</S>
          <S N="requireLicenseAcceptance">False</S>
          <S N="releaseNotes">## [16.2.0] - 2023-04-10_x000D__x000A__x000D__x000A_### Added_x000D__x000A__x000D__x000A_- SqlServerDsc_x000D__x000A_  - New GitHub Actions workflow that run PSScriptAnalyzer for PRs so any_x000D__x000A_    issues are shown directly in the PR's changed files ([issue #1860](https://github.com/dsccommunity/SqlServerDsc/issues/1860))._x000D__x000A_  - Added a separate integration test jobs for SQL Server Reporting Services_x000D__x000A_    to be able to test configuring SQL Server Reportings Services using_x000D__x000A_    other values that the default values._x000D__x000A_  - Now updates GitHub Actions automatically by allowing dependabot sending_x000D__x000A_    in pull requests._x000D__x000A_  - New public command:_x000D__x000A_    - `Get-SqlDscPreferredModule` - Returns the name of the first available_x000D__x000A_      preferred module ([issue #1879](https://github.com/dsccommunity/SqlServerDsc/issues/1879))._x000D__x000A_      - Re-using the command `Get-PSModulePath` from the module DscResource.Common._x000D__x000A_- SqlSecureConnection_x000D__x000A_  - Added new parameter `ServerName` that will be used as the host name when_x000D__x000A_    restarting the SQL Server instance. The specified value should be the same_x000D__x000A_    name that is used in the certificate ([issue #1888](https://github.com/dsccommunity/SqlServerDsc/issues/1888))._x000D__x000A_- SqlSetup_x000D__x000A_  - Added new parameter `ServerName` that will be used as the host name when_x000D__x000A_    evaluating the SQL Server instance. If using a secure connection the_x000D__x000A_    specified value should be the same name that is used in the certificate_x000D__x000A_    ([issue #1893](https://github.com/dsccommunity/SqlServerDsc/issues/1893))._x000D__x000A__x000D__x000A_### Changed_x000D__x000A__x000D__x000A_- SqlServerDsc_x000D__x000A_  - Update `appveyor.yml` to use `dotnet tool install` to install _GitVersion_._x000D__x000A_  - Re-enable integration tests for SqlRSSetup and SqlRS when running against_x000D__x000A_    SQL Server 2019 ([issue #1847](https://github.com/dsccommunity/SqlServerDsc/issues/1847))._x000D__x000A_  - The private function `Import-SQLPSModule` was replaced throughout with_x000D__x000A_    the public command `Import-SqlDscPreferredModule` ([issue #1848](https://github.com/dsccommunity/SqlServerDsc/issues/1848))._x000D__x000A_  - Removed the regular expression `features?` from the GitVersion configuration._x000D__x000A_    Before, if a fix commit mentioned the word feature but means a SQL Server_x000D__x000A_    feature GitVersion would bump minor instead of patch number._x000D__x000A_  - Update pipeline script that is used to resolve dependencies._x000D__x000A_  - When running in Azure Pipelines any existing SqlServer module is removed_x000D__x000A_    before running integration tests, so the tests can update to latest version._x000D__x000A_  - Now the new label 'command proposal' is an exempt for labeling issues stale._x000D__x000A_  - Update the initializing header for all integration test to be equal to_x000D__x000A_    the unit tests._x000D__x000A_  - Rename task jobs in Azure Pipelines ([issue #1881](https://github.com/dsccommunity/SqlServerDsc/issues/1881))._x000D__x000A_  - Bump SqlServer version to 22.0.59 for integration tests for SQL Server 2022._x000D__x000A_- `Get-SqlDscAudit`_x000D__x000A_  - The parameter `Name` is no longer mandatory. When left out all the current_x000D__x000A_    audits are returned ([issue #1812](https://github.com/dsccommunity/SqlServerDsc/issues/1812))._x000D__x000A_- `Import-SqlDscPreferredModule`_x000D__x000A_  - Now correctly preserves paths that is set in the session for the environment_x000D__x000A_    variable `$env:PSModulePath`. If the module _SqlServer_ or _SQLPS_ are not_x000D__x000A_    found the command will populate the `$env:PSModulePath` with the_x000D__x000A_    unique paths from all targets; session, user, and machine. This is done_x000D__x000A_    so that any new path that was added to the machine or user target will_x000D__x000A_    also be set in the session._x000D__x000A_  - Now imports the preferred module into the global scope so that MOF-based_x000D__x000A_    resources (that is in another module scope) can use the imported module._x000D__x000A_  - Some code cleanup ([issue #1881](https://github.com/dsccommunity/SqlServerDsc/issues/1881))._x000D__x000A_  - Refactor to re-use the command `Get-SqlDscPreferredModule`._x000D__x000A_- SqlServerDsc.Common_x000D__x000A_  - `Restart-SqlService` no longer silently ignores errors that prevents_x000D__x000A_     the instance to go online. If the instance has not gone online during_x000D__x000A_     the timeout period the error thrown will no contain the last error_x000D__x000A_     reported by `Connect-SQL` ([issue #1891](https://github.com/dsccommunity/SqlServerDsc/issues/1891))._x000D__x000A_  - `Invoke-SqlScript` no longer passes the parameter `Variable` to_x000D__x000A_    `Invoke-SqlCmd` if it is not set ([issue #1896](https://github.com/dsccommunity/SqlServerDsc/issues/1896))._x000D__x000A_- `DatabasePermission`_x000D__x000A_  - Class was updated with the latest database permissions._x000D__x000A__x000D__x000A_### Fixed_x000D__x000A__x000D__x000A_- `Assert-SetupActionProperties`_x000D__x000A_  - Now throws an exception if the setup action is `Install` and the feature_x000D__x000A_    analysis services is specified without the parameter `ASSysAdminAccounts`_x000D__x000A_    ([issue #1845](https://github.com/dsccommunity/SqlServerDsc/issues/1845))._x000D__x000A_  - Now throws an exception if the setup action is `Install` and the feature_x000D__x000A_    database engine is specified without the parameter `SqlSysAdminAccounts`._x000D__x000A_- `Invoke-SetupAction`_x000D__x000A_  - The parameter `SqlSysAdminAccounts` is no longer mandatory to allow_x000D__x000A_    installation where the database engine is not installed._x000D__x000A_- `Install-SqlDscServer`_x000D__x000A_  - The parameter `SqlSysAdminAccounts` is no longer mandatory to allow_x000D__x000A_    installation where the database engine is not installed._x000D__x000A_- `SqlRS`_x000D__x000A_  - Fixed issue of configuring reporting services ([issue #1868](https://github.com/dsccommunity/SqlServerDsc/issues/1868))._x000D__x000A_  - Test renamed to `When Reports virtual directory is different` so it_x000D__x000A_    is more correct and not a duplicate._x000D__x000A_  - Integration tests configuration names was renamed to better tell what_x000D__x000A_    the configuration does ([issue #1880](https://github.com/dsccommunity/SqlServerDsc/issues/1880))._x000D__x000A_- SqlServerDsc.Common_x000D__x000A_  - The command `Restart-SqlService` was updated to correctly evaluate when_x000D__x000A_    the timeout value is reached ([issue #1889](https://github.com/dsccommunity/SqlServerDsc/issues/1889)).</S>
          <S N="isLatestVersion">True</S>
          <S N="isAbsoluteLatestVersion">False</S>
          <S N="versionDownloadCount">67665</S>
          <S N="downloadCount">8117586</S>
          <S N="packageSize">445606</S>
          <S N="published">10/04/2023 16:37:49 +01:00</S>
          <S N="created">10/04/2023 16:37:49 +01:00</S>
          <S N="lastUpdated">25/04/2023 14:58:08 +01:00</S>
          <S N="tags">DesiredStateConfiguration DSC DSCResourceKit DSCResource PSModule PSFunction_Add-SqlDscNode PSCommand_Add-SqlDscNode PSFunction_Add-SqlDscTraceFlag PSCommand_Add-SqlDscTraceFlag PSFunction_Complete-SqlDscFailoverCluster PSCommand_Complete-SqlDscFailoverCluster PSFunction_Complete-SqlDscImage PSCommand_Complete-SqlDscImage PSFunction_Connect-SqlDscDatabaseEngine PSCommand_Connect-SqlDscDatabaseEngine PSFunction_ConvertFrom-SqlDscDatabasePermission PSCommand_ConvertFrom-SqlDscDatabasePermission PSFunction_ConvertFrom-SqlDscServerPermission PSCommand_ConvertFrom-SqlDscServerPermission PSFunction_ConvertTo-SqlDscDatabasePermission PSCommand_ConvertTo-SqlDscDatabasePermission PSFunction_ConvertTo-SqlDscServerPermission PSCommand_ConvertTo-SqlDscServerPermission PSFunction_Disable-SqlDscAudit PSCommand_Disable-SqlDscAudit PSFunction_Enable-SqlDscAudit PSCommand_Enable-SqlDscAudit PSFunction_Get-SqlDscAudit PSCommand_Get-SqlDscAudit PSFunction_Get-SqlDscDatabasePermission PSCommand_Get-SqlDscDatabasePermission PSFunction_Get-SqlDscManagedComputer PSCommand_Get-SqlDscManagedComputer PSFunction_Get-SqlDscManagedComputerService PSCommand_Get-SqlDscManagedComputerService PSFunction_Get-SqlDscPreferredModule PSCommand_Get-SqlDscPreferredModule PSFunction_Get-SqlDscServerPermission PSCommand_Get-SqlDscServerPermission PSFunction_Get-SqlDscStartupParameter PSCommand_Get-SqlDscStartupParameter PSFunction_Get-SqlDscTraceFlag PSCommand_Get-SqlDscTraceFlag PSFunction_Import-SqlDscPreferredModule PSCommand_Import-SqlDscPreferredModule PSFunction_Initialize-SqlDscRebuildDatabase PSCommand_Initialize-SqlDscRebuildDatabase PSFunction_Install-SqlDscServer PSCommand_Install-SqlDscServer PSFunction_Invoke-SqlDscQuery PSCommand_Invoke-SqlDscQuery PSFunction_New-SqlDscAudit PSCommand_New-SqlDscAudit PSFunction_Remove-SqlDscAudit PSCommand_Remove-SqlDscAudit PSFunction_Remove-SqlDscNode PSCommand_Remove-SqlDscNode PSFunction_Remove-SqlDscTraceFlag PSCommand_Remove-SqlDscTraceFlag PSFunction_Repair-SqlDscServer PSCommand_Repair-SqlDscServer PSFunction_Set-SqlDscAudit PSCommand_Set-SqlDscAudit PSFunction_Set-SqlDscDatabasePermission PSCommand_Set-SqlDscDatabasePermission PSFunction_Set-SqlDscServerPermission PSCommand_Set-SqlDscServerPermission PSFunction_Set-SqlDscStartupParameter PSCommand_Set-SqlDscStartupParameter PSFunction_Set-SqlDscTraceFlag PSCommand_Set-SqlDscTraceFlag PSFunction_Test-SqlDscIsDatabasePrincipal PSCommand_Test-SqlDscIsDatabasePrincipal PSFunction_Test-SqlDscIsLogin PSCommand_Test-SqlDscIsLogin PSFunction_Uninstall-SqlDscServer PSCommand_Uninstall-SqlDscServer PSIncludes_Function PSDscResource_SqlAudit PSDscResource_SqlDatabasePermission PSDscResource_SqlPermission PSDscResource_SqlAG PSDscResource_SqlAGDatabase PSDscResource_SqlAgentAlert PSDscResource_SqlAgentFailsafe PSDscResource_SqlAgentOperator PSDscResource_SqlAGListener PSDscResource_SqlAGReplica PSDscResource_SqlAlias PSDscResource_SqlAlwaysOnService PSDscResource_SqlConfiguration PSDscResource_SqlDatabase PSDscResource_SqlDatabaseDefaultLocation PSDscResource_SqlDatabaseMail PSDscResource_SqlDatabaseObjectPermission PSDscResource_SqlDatabaseRole PSDscResource_SqlDatabaseUser PSDscResource_SqlEndpoint PSDscResource_SqlEndpointPermission PSDscResource_SqlLogin PSDscResource_SqlMaxDop PSDscResource_SqlMemory PSDscResource_SqlProtocol PSDscResource_SqlProtocolTcpIp PSDscResource_SqlReplication PSDscResource_SqlRole PSDscResource_SqlRS PSDscResource_SqlRSSetup PSDscResource_SqlScript PSDscResource_SqlScriptQuery PSDscResource_SqlSecureConnection PSDscResource_SqlServiceAccount PSDscResource_SqlSetup PSDscResource_SqlTraceFlag PSDscResource_SqlWaitForAG PSDscResource_SqlWindowsFirewall PSIncludes_DscResource</S>
          <S N="developmentDependency">False</S>
          <S N="updated">2023-04-25T14:58:08Z</S>
          <S N="NormalizedVersion">16.2.0</S>
          <S N="Authors">DSC Community</S>
          <S N="IsPrerelease">false</S>
          <S N="ItemType">Module</S>
          <S N="FileList">SqlServerDsc.nuspec|SqlServerDsc.psd1|DSCResources\DSC_SqlAGDatabase\README.md|DSCResources\DSC_SqlAGListener\README.md|SqlServerDsc.psm1|DSCResources\DSC_SqlAGListener\DSC_SqlAGListener.psm1|en-US\about_SqlServerDsc.help.txt|DSCResources\DSC_SqlAGListener\DSC_SqlAGListener.schema.mof|en-US\SqlDatabasePermission.strings.psd1|DSCResources\DSC_SqlEndpointPermission\README.md|en-US\about_SqlPermission.help.txt|DSCResources\DSC_SqlEndpointPermission\DSC_SqlEndpointPermission.schema.mof|en-US\SqlServerDsc.strings.psd1|DSCResources\DSC_SqlEndpointPermission\DSC_SqlEndpointPermission.psm1|en-US\SqlPermission.strings.psd1|DSCResources\DSC_SqlDatabaseDefaultLocation\README.md|en-US\about_SqlAudit.help.txt|DSCResources\DSC_SqlDatabaseDefaultLocation\DSC_SqlDatabaseDefaultLocation.schema.mof|en-US\SqlAudit.strings.psd1|DSCResources\DSC_SqlDatabaseDefaultLocation\DSC_SqlDatabaseDefaultLocation.psm1|en-US\about_SqlDatabasePermission.help.txt|DSCResources\DSC_SqlServiceAccount\DSC_SqlServiceAccount.schema.mof|en-US\SqlResourceBase.strings.psd1|DSCResources\DSC_SqlServiceAccount\README.md|Modules\SqlServerDsc.Common\SqlServerDsc.Common.psm1|DSCResources\DSC_SqlServiceAccount\DSC_SqlServiceAccount.psm1|Modules\SqlServerDsc.Common\SqlServerDsc.Common.psd1|DSCResources\DSC_SqlAG\DSC_SqlAG.schema.mof|DSCResources\DSC_SqlReplication\DSC_SqlReplication.schema.mof|DSCResources\DSC_SqlAG\DSC_SqlAG.psm1|DSCResources\DSC_SqlReplication\README.md|DSCResources\DSC_SqlAG\README.md|DSCResources\DSC_SqlReplication\DSC_SqlReplication.psm1|Modules\SqlServerDsc.Common\sv-SE\SqlServerDsc.Common.strings.psd1|DSCResources\DSC_SqlRS\README.md|Modules\SqlServerDsc.Common\en-US\SqlServerDsc.Common.strings.psd1|DSCResources\DSC_SqlRS\DSC_SqlRS.schema.mof|Modules\DscResource.Base\1.1.0\DscResource.Base.psd1|DSCResources\DSC_SqlRS\DSC_SqlRS.psm1|Modules\DscResource.Base\1.1.0\DscResource.Base.psm1|DSCResources\DSC_SqlDatabase\DSC_SqlDatabase.schema.mof|Modules\DscResource.Common\0.16.0\DscResource.Common.psm1|DSCResources\DSC_SqlDatabase\README.md|Modules\DscResource.Common\0.16.0\DscResource.Common.psd1|DSCResources\DSC_SqlDatabase\DSC_SqlDatabase.psm1|DSCResources\DSC_SqlReplication\en-US\about_SqlReplication.help.txt|DSCResources\DSC_SqlWindowsFirewall\DSC_SqlWindowsFirewall.psm1|DSCResources\DSC_SqlReplication\en-US\DSC_SqlReplication.strings.psd1|DSCResources\DSC_SqlWindowsFirewall\DSC_SqlWindowsFirewall.schema.mof|DSCResources\DSC_SqlRS\en-US\DSC_SqlRS.strings.psd1|DSCResources\DSC_SqlWindowsFirewall\README.md|DSCResources\DSC_SqlRS\en-US\about_SqlRS.help.txt|DSCResources\DSC_SqlMaxDop\DSC_SqlMaxDop.schema.mof|DSCResources\DSC_SqlDatabase\en-US\about_SqlDatabase.help.txt|DSCResources\DSC_SqlMaxDop\README.md|DSCResources\DSC_SqlDatabase\en-US\DSC_SqlDatabase.strings.psd1|DSCResources\DSC_SqlMaxDop\DSC_SqlMaxDop.psm1|DSCResources\DSC_SqlWindowsFirewall\en-US\about_SqlWindowsFirewall.help.txt|DSCResources\DSC_SqlTraceFlag\DSC_SqlTraceFlag.psm1|DSCResources\DSC_SqlWindowsFirewall\en-US\DSC_SqlWindowsFirewall.strings.psd1|DSCResources\DSC_SqlTraceFlag\README.md|DSCResources\DSC_SqlMaxDop\en-US\DSC_SqlMaxDop.strings.psd1|DSCResources\DSC_SqlTraceFlag\DSC_SqlTraceFlag.schema.mof|DSCResources\DSC_SqlMaxDop\en-US\about_SqlMaxDop.help.txt|DSCResources\DSC_SqlProtocolTcpIp\DSC_SqlProtocolTcpIp.schema.mof|DSCResources\DSC_SqlTraceFlag\en-US\about_SqlTraceFlag.help.txt|DSCResources\DSC_SqlProtocolTcpIp\DSC_SqlProtocolTcpIp.psm1|DSCResources\DSC_SqlTraceFlag\en-US\DSC_SqlTraceFlag.strings.psd1|DSCResources\DSC_SqlProtocolTcpIp\README.md|DSCResources\DSC_SqlProtocolTcpIp\en-US\about_SqlProtocolTcpIp.help.txt|DSCResources\DSC_SqlAgentOperator\DSC_SqlAgentOperator.psm1|DSCResources\DSC_SqlProtocolTcpIp\en-US\DSC_SqlProtocolTcpIp.strings.psd1|DSCResources\DSC_SqlAgentOperator\README.md|DSCResources\DSC_SqlAgentOperator\en-US\about_SqlAgentOperator.help.txt|DSCResources\DSC_SqlAgentOperator\DSC_SqlAgentOperator.schema.mof|DSCResources\DSC_SqlAgentOperator\en-US\DSC_SqlAgentOperator.strings.psd1|DSCResources\DSC_SqlProtocol\DSC_SqlProtocol.schema.mof|DSCResources\DSC_SqlProtocol\en-US\DSC_SqlProtocol.strings.psd1|DSCResources\DSC_SqlProtocol\README.md|DSCResources\DSC_SqlProtocol\en-US\about_SqlProtocol.help.txt|DSCResources\DSC_SqlProtocol\DSC_SqlProtocol.psm1|DSCResources\DSC_SqlRSSetup\en-US\DSC_SqlRSSetup.strings.psd1|DSCResources\DSC_SqlRSSetup\DSC_SqlRSSetup.schema.mof|DSCResources\DSC_SqlRSSetup\en-US\about_SqlRSSetup.help.txt|DSCResources\DSC_SqlRSSetup\DSC_SqlRSSetup.psm1|DSCResources\DSC_SqlLogin\en-US\about_SqlLogin.help.txt|DSCResources\DSC_SqlRSSetup\README.md|DSCResources\DSC_SqlLogin\en-US\DSC_SqlLogin.strings.psd1|DSCResources\DSC_SqlLogin\README.md|DSCResources\DSC_SqlScriptQuery\en-US\about_SqlScriptQuery.help.txt|DSCResources\DSC_SqlLogin\DSC_SqlLogin.psm1|DSCResources\DSC_SqlScriptQuery\en-US\DSC_SqlScriptQuery.strings.psd1|DSCResources\DSC_SqlLogin\DSC_SqlLogin.schema.mof|DSCResources\DSC_SqlAgentFailsafe\en-US\about_SqlAgentFailsafe.help.txt|DSCResources\DSC_SqlScriptQuery\DSC_SqlScriptQuery.psm1|DSCResources\DSC_SqlAgentFailsafe\en-US\DSC_SqlAgentFailsafe.strings.psd1|DSCResources\DSC_SqlScriptQuery\DSC_SqlScriptQuery.schema.mof|DSCResources\DSC_SqlScript\en-US\DSC_SqlScript.strings.psd1|DSCResources\DSC_SqlScriptQuery\README.md|DSCResources\DSC_SqlScript\en-US\about_SqlScript.help.txt|DSCResources\DSC_SqlAgentFailsafe\DSC_SqlAgentFailsafe.schema.mof|DSCResources\DSC_SqlEndpoint\en-US\DSC_SqlEndpoint.strings.psd1|DSCResources\DSC_SqlAgentFailsafe\DSC_SqlAgentFailsafe.psm1|DSCResources\DSC_SqlEndpoint\en-US\about_SqlEndpoint.help.txt|DSCResources\DSC_SqlAgentFailsafe\README.md|DSCResources\DSC_SqlAgentAlert\en-US\DSC_SqlAgentAlert.strings.psd1|DSCResources\DSC_SqlScript\DSC_SqlScript.psm1|DSCResources\DSC_SqlAgentAlert\en-US\about_SqlAgentAlert.help.txt|DSCResources\DSC_SqlScript\README.md|DSCResources\DSC_SqlDatabaseRole\en-US\DSC_SqlDatabaseRole.strings.psd1|DSCResources\DSC_SqlScript\DSC_SqlScript.schema.mof|DSCResources\DSC_SqlDatabaseRole\en-US\about_SqlDatabaseRole.help.txt|DSCResources\DSC_SqlEndpoint\DSC_SqlEndpoint.schema.mof|DSCResources\DSC_SqlAlwaysOnService\en-US\DSC_SqlAlwaysOnService.strings.psd1|DSCResources\DSC_SqlEndpoint\DSC_SqlEndpoint.psm1|DSCResources\DSC_SqlAlwaysOnService\en-US\about_SqlAlwaysOnService.help.txt|DSCResources\DSC_SqlEndpoint\README.md|DSCResources\DSC_SqlSetup\sv-SE\DSC_SqlSetup.strings.psd1|DSCResources\DSC_SqlAgentAlert\DSC_SqlAgentAlert.psm1|DSCResources\DSC_SqlSetup\en-US\about_SqlSetup.help.txt|DSCResources\DSC_SqlAgentAlert\DSC_SqlAgentAlert.schema.mof|DSCResources\DSC_SqlSetup\en-US\DSC_SqlSetup.strings.psd1|DSCResources\DSC_SqlAgentAlert\README.md|DSCResources\DSC_SqlAGReplica\en-US\about_SqlAGReplica.help.txt|DSCResources\DSC_SqlDatabaseRole\DSC_SqlDatabaseRole.psm1|DSCResources\DSC_SqlAGReplica\en-US\DSC_SqlAGReplica.strings.psd1|DSCResources\DSC_SqlDatabaseRole\README.md|DSCResources\DSC_SqlConfiguration\en-US\about_SqlConfiguration.help.txt|DSCResources\DSC_SqlDatabaseRole\DSC_SqlDatabaseRole.schema.mof|DSCResources\DSC_SqlConfiguration\en-US\DSC_SqlConfiguration.strings.psd1|DSCResources\DSC_SqlAlwaysOnService\README.md|DSCResources\DSC_SqlAlias\en-US\DSC_SqlAlias.strings.psd1|DSCResources\DSC_SqlAlwaysOnService\DSC_SqlAlwaysOnService.psm1|DSCResources\DSC_SqlAlias\en-US\about_SqlAlias.help.txt|DSCResources\DSC_SqlAlwaysOnService\DSC_SqlAlwaysOnService.schema.mof|DSCResources\DSC_SqlWaitForAG\en-US\about_SqlWaitForAG.help.txt|DSCResources\DSC_SqlSetup\DSC_SqlSetup.psm1|DSCResources\DSC_SqlWaitForAG\en-US\DSC_SqlWaitForAG.strings.psd1|DSCResources\DSC_SqlSetup\DSC_SqlSetup.schema.mof|DSCResources\DSC_SqlRole\en-US\DSC_SqlRole.strings.psd1|DSCResources\DSC_SqlSetup\README.md|DSCResources\DSC_SqlRole\en-US\about_SqlRole.help.txt|DSCResources\DSC_SqlAGReplica\DSC_SqlAGReplica.schema.mof|DSCResources\DSC_SqlDatabaseUser\en-US\DSC_SqlDatabaseUser.strings.psd1|DSCResources\DSC_SqlAGReplica\README.md|DSCResources\DSC_SqlDatabaseUser\en-US\about_SqlDatabaseUser.help.txt|DSCResources\DSC_SqlAGReplica\DSC_SqlAGReplica.psm1|DSCResources\DSC_SqlSecureConnection\en-US\DSC_SqlSecureConnection.strings.psd1|DSCResources\DSC_SqlConfiguration\README.md|DSCResources\DSC_SqlSecureConnection\en-US\about_SqlSecureConnection.help.txt|DSCResources\DSC_SqlConfiguration\DSC_SqlConfiguration.schema.mof|DSCResources\DSC_SqlMemory\en-US\DSC_SqlMemory.strings.psd1|DSCResources\DSC_SqlConfiguration\DSC_SqlConfiguration.psm1|DSCResources\DSC_SqlMemory\en-US\about_SqlMemory.help.txt|DSCResources\DSC_SqlAlias\DSC_SqlAlias.psm1|DSCResources\DSC_SqlDatabaseMail\en-US\about_SqlDatabaseMail.help.txt|DSCResources\DSC_SqlAlias\README.md|DSCResources\DSC_SqlDatabaseMail\en-US\DSC_SqlDatabaseMail.strings.psd1|DSCResources\DSC_SqlAlias\DSC_SqlAlias.schema.mof|DSCResources\DSC_SqlDatabaseObjectPermission\en-US\DSC_SqlDatabaseObjectPermission.strings.psd1|DSCResources\DSC_SqlWaitForAG\DSC_SqlWaitForAG.schema.mof|DSCResources\DSC_SqlDatabaseObjectPermission\en-US\about_SqlDatabaseObjectPermission.help.txt|DSCResources\DSC_SqlWaitForAG\README.md|DSCResources\DSC_SqlAGDatabase\en-US\DSC_SqlAGDatabase.strings.psd1|DSCResources\DSC_SqlWaitForAG\DSC_SqlWaitForAG.psm1|DSCResources\DSC_SqlAGDatabase\en-US\about_SqlAGDatabase.help.txt|DSCResources\DSC_SqlRole\DSC_SqlRole.schema.mof|DSCResources\DSC_SqlAGListener\en-US\about_SqlAGListener.help.txt|DSCResources\DSC_SqlRole\README.md|DSCResources\DSC_SqlAGListener\en-US\DSC_SqlAGListener.strings.psd1|DSCResources\DSC_SqlRole\DSC_SqlRole.psm1|DSCResources\DSC_SqlEndpointPermission\en-US\about_SqlEndpointPermission.help.txt|DSCResources\DSC_SqlDatabaseUser\README.md|DSCResources\DSC_SqlEndpointPermission\en-US\DSC_SqlEndpointPermission.strings.psd1|DSCResources\DSC_SqlDatabaseUser\DSC_SqlDatabaseUser.psm1|DSCResources\DSC_SqlDatabaseDefaultLocation\en-US\about_SqlDatabaseDefaultLocation.help.txt|DSCResources\DSC_SqlDatabaseUser\DSC_SqlDatabaseUser.schema.mof|DSCResources\DSC_SqlDatabaseDefaultLocation\en-US\DSC_SqlDatabaseDefaultLocation.strings.psd1|DSCResources\DSC_SqlSecureConnection\DSC_SqlSecureConnection.schema.mof|DSCResources\DSC_SqlServiceAccount\en-US\DSC_SqlServiceAccount.strings.psd1|DSCResources\DSC_SqlSecureConnection\README.md|DSCResources\DSC_SqlServiceAccount\en-US\about_SqlServiceAccount.help.txt|DSCResources\DSC_SqlSecureConnection\DSC_SqlSecureConnection.psm1|DSCResources\DSC_SqlAG\en-US\DSC_SqlAG.strings.psd1|DSCResources\DSC_SqlMemory\DSC_SqlMemory.schema.mof|DSCResources\DSC_SqlAG\en-US\about_SqlAG.help.txt|DSCResources\DSC_SqlMemory\DSC_SqlMemory.psm1|Modules\DscResource.Base\1.1.0\en-US\about_DscResource.Base.help.txt|DSCResources\DSC_SqlMemory\README.md|Modules\DscResource.Base\1.1.0\en-US\DscResource.Base.strings.psd1|DSCResources\DSC_SqlDatabaseMail\DSC_SqlDatabaseMail.psm1|Modules\DscResource.Base\1.1.0\en-US\ResourceBase.strings.psd1|DSCResources\DSC_SqlDatabaseMail\README.md|Modules\DscResource.Common\0.16.0\en-US\DscResource.Common.strings.psd1|DSCResources\DSC_SqlDatabaseMail\DSC_SqlDatabaseMail.schema.mof|Modules\DscResource.Common\0.16.0\en-US\about_DscResource.Common.help.txt|DSCResources\DSC_SqlDatabaseObjectPermission\README.md|Modules\DscResource.Base\1.1.0\Modules\DscResource.Common\0.14.0\DscResource.Common.psm1|DSCResources\DSC_SqlDatabaseObjectPermission\DSC_SqlDatabaseObjectPermission.psm1|Modules\DscResource.Base\1.1.0\Modules\DscResource.Common\0.14.0\DscResource.Common.psd1|DSCResources\DSC_SqlDatabaseObjectPermission\DSC_SqlDatabaseObjectPermission.schema.mof|Modules\DscResource.Base\1.1.0\Modules\DscResource.Common\0.14.0\en-US\DscResource.Common.strings.psd1|DSCResources\DSC_SqlAGDatabase\DSC_SqlAGDatabase.psm1|Modules\DscResource.Base\1.1.0\Modules\DscResource.Common\0.14.0\en-US\about_DscResource.Common.help.txt|DSCResources\DSC_SqlAGDatabase\DSC_SqlAGDatabase.schema.mof</S>
          <S N="GUID">693ee082-ed36-45a7-b490-88b07c86b42f</S>
          <S N="PowerShellVersion">5.0</S>
          <S N="CLRVersion">4.0</S>
          <S N="CompanyName">DSC Community</S>
        </MS>
      </Obj>
      <S N="InstalledLocation">C:\Users\Chris\Documents\PowerShell\Modules\SqlServerDsc\16.2.0</S>
    </MS>
  </Obj>
</Objs>
