<Objs Version="1.1.0.1" xmlns="http://schemas.microsoft.com/powershell/2004/04">
  <Obj RefId="0">
    <TN RefId="0">
      <T>Microsoft.PowerShell.Commands.PSRepositoryItemInfo</T>
      <T>System.Management.Automation.PSCustomObject</T>
      <T>System.Object</T>
    </TN>
    <MS>
      <S N="Name">SqlServerDsc</S>
      <Version N="Version">16.6.0</Version>
      <S N="Type">Module</S>
      <S N="Description">Module with DSC resources for deployment and configuration of Microsoft SQL Server.</S>
      <S N="Author">DSC Community</S>
      <Obj N="CompanyName" RefId="1">
        <TN RefId="1">
          <T>System.Object[]</T>
          <T>System.Array</T>
          <T>System.Object</T>
        </TN>
        <LST>
          <S>PowerShellTeam</S>
          <S>gaelcolas</S>
          <S>dsccommunity</S>
        </LST>
      </Obj>
      <S N="Copyright">Copyright the DSC Community contributors. All rights reserved.</S>
      <DT N="PublishedDate">2024-05-17T08:08:29+01:00</DT>
      <Obj N="InstalledDate" RefId="2">
        <DT>2023-01-18T09:06:40.2921492+00:00</DT>
        <MS>
          <Obj N="DisplayHint" RefId="3">
            <TN RefId="2">
              <T>Deserialized.Microsoft.PowerShell.Commands.DisplayHintType</T>
              <T>Deserialized.System.Enum</T>
              <T>Deserialized.System.ValueType</T>
              <T>Deserialized.System.Object</T>
            </TN>
            <ToString>DateTime</ToString>
            <I32>2</I32>
          </Obj>
        </MS>
      </Obj>
      <Obj N="UpdatedDate" RefId="4">
        <DT>2024-07-01T14:11:27.0687118+01:00</DT>
        <MS>
          <Obj N="DisplayHint" RefId="5">
            <TN RefId="3">
              <T>Microsoft.PowerShell.Commands.DisplayHintType</T>
              <T>System.Enum</T>
              <T>System.ValueType</T>
              <T>System.Object</T>
            </TN>
            <ToString>DateTime</ToString>
            <I32>2</I32>
          </Obj>
        </MS>
      </Obj>
      <URI N="LicenseUri">https://github.com/dsccommunity/SqlServerDsc/blob/main/LICENSE</URI>
      <URI N="ProjectUri">https://github.com/dsccommunity/SqlServerDsc</URI>
      <URI N="IconUri">https://dsccommunity.org/images/DSC_Logo_300p.png</URI>
      <Obj N="Tags" RefId="6">
        <TNRef RefId="1" />
        <LST>
          <S>DesiredStateConfiguration</S>
          <S>DSC</S>
          <S>DSCResourceKit</S>
          <S>DSCResource</S>
          <S>PSModule</S>
        </LST>
      </Obj>
      <Obj N="Includes" RefId="7">
        <TN RefId="4">
          <T>System.Collections.Hashtable</T>
          <T>System.Object</T>
        </TN>
        <DCT>
          <En>
            <S N="Key">Command</S>
            <Obj N="Value" RefId="8">
              <TNRef RefId="1" />
              <LST>
                <S>Add-SqlDscNode</S>
                <S>Add-SqlDscTraceFlag</S>
                <S>Complete-SqlDscFailoverCluster</S>
                <S>Complete-SqlDscImage</S>
                <S>Connect-SqlDscDatabaseEngine</S>
                <S>ConvertFrom-SqlDscDatabasePermission</S>
                <S>ConvertFrom-SqlDscServerPermission</S>
                <S>ConvertTo-SqlDscDatabasePermission</S>
                <S>ConvertTo-SqlDscServerPermission</S>
                <S>Disable-SqlDscAudit</S>
                <S>Disconnect-SqlDscDatabaseEngine</S>
                <S>Enable-SqlDscAudit</S>
                <S>Get-SqlDscAudit</S>
                <S>Get-SqlDscConfigurationOption</S>
                <S>Get-SqlDscDatabasePermission</S>
                <S>Get-SqlDscManagedComputer</S>
                <S>Get-SqlDscManagedComputerService</S>
                <S>Get-SqlDscPreferredModule</S>
                <S>Get-SqlDscServerPermission</S>
                <S>Get-SqlDscStartupParameter</S>
                <S>Get-SqlDscTraceFlag</S>
                <S>Import-SqlDscPreferredModule</S>
                <S>Initialize-SqlDscRebuildDatabase</S>
                <S>Install-SqlDscServer</S>
                <S>Invoke-SqlDscQuery</S>
                <S>New-SqlDscAudit</S>
                <S>Remove-SqlDscAudit</S>
                <S>Remove-SqlDscNode</S>
                <S>Remove-SqlDscTraceFlag</S>
                <S>Repair-SqlDscServer</S>
                <S>Save-SqlDscSqlServerMediaFile</S>
                <S>Set-SqlDscAudit</S>
                <S>Set-SqlDscDatabasePermission</S>
                <S>Set-SqlDscServerPermission</S>
                <S>Set-SqlDscStartupParameter</S>
                <S>Set-SqlDscTraceFlag</S>
                <S>Test-SqlDscIsDatabasePrincipal</S>
                <S>Test-SqlDscIsLogin</S>
                <S>Test-SqlDscIsSupportedFeature</S>
                <S>Uninstall-SqlDscServer</S>
              </LST>
            </Obj>
          </En>
          <En>
            <S N="Key">Cmdlet</S>
            <Obj N="Value" RefId="9">
              <TNRef RefId="1" />
              <LST />
            </Obj>
          </En>
          <En>
            <S N="Key">RoleCapability</S>
            <Ref N="Value" RefId="9" />
          </En>
          <En>
            <S N="Key">Workflow</S>
            <Ref N="Value" RefId="9" />
          </En>
          <En>
            <S N="Key">Function</S>
            <Obj N="Value" RefId="10">
              <TNRef RefId="1" />
              <LST>
                <S>Add-SqlDscNode</S>
                <S>Add-SqlDscTraceFlag</S>
                <S>Complete-SqlDscFailoverCluster</S>
                <S>Complete-SqlDscImage</S>
                <S>Connect-SqlDscDatabaseEngine</S>
                <S>ConvertFrom-SqlDscDatabasePermission</S>
                <S>ConvertFrom-SqlDscServerPermission</S>
                <S>ConvertTo-SqlDscDatabasePermission</S>
                <S>ConvertTo-SqlDscServerPermission</S>
                <S>Disable-SqlDscAudit</S>
                <S>Disconnect-SqlDscDatabaseEngine</S>
                <S>Enable-SqlDscAudit</S>
                <S>Get-SqlDscAudit</S>
                <S>Get-SqlDscConfigurationOption</S>
                <S>Get-SqlDscDatabasePermission</S>
                <S>Get-SqlDscManagedComputer</S>
                <S>Get-SqlDscManagedComputerService</S>
                <S>Get-SqlDscPreferredModule</S>
                <S>Get-SqlDscServerPermission</S>
                <S>Get-SqlDscStartupParameter</S>
                <S>Get-SqlDscTraceFlag</S>
                <S>Import-SqlDscPreferredModule</S>
                <S>Initialize-SqlDscRebuildDatabase</S>
                <S>Install-SqlDscServer</S>
                <S>Invoke-SqlDscQuery</S>
                <S>New-SqlDscAudit</S>
                <S>Remove-SqlDscAudit</S>
                <S>Remove-SqlDscNode</S>
                <S>Remove-SqlDscTraceFlag</S>
                <S>Repair-SqlDscServer</S>
                <S>Save-SqlDscSqlServerMediaFile</S>
                <S>Set-SqlDscAudit</S>
                <S>Set-SqlDscDatabasePermission</S>
                <S>Set-SqlDscServerPermission</S>
                <S>Set-SqlDscStartupParameter</S>
                <S>Set-SqlDscTraceFlag</S>
                <S>Test-SqlDscIsDatabasePrincipal</S>
                <S>Test-SqlDscIsLogin</S>
                <S>Test-SqlDscIsSupportedFeature</S>
                <S>Uninstall-SqlDscServer</S>
              </LST>
            </Obj>
          </En>
          <En>
            <S N="Key">DscResource</S>
            <Obj N="Value" RefId="11">
              <TNRef RefId="1" />
              <LST>
                <S>SqlAudit</S>
                <S>SqlDatabasePermission</S>
                <S>SqlPermission</S>
                <S>SqlAG</S>
                <S>SqlAGDatabase</S>
                <S>SqlAgentAlert</S>
                <S>SqlAgentFailsafe</S>
                <S>SqlAgentOperator</S>
                <S>SqlAGListener</S>
                <S>SqlAGReplica</S>
                <S>SqlAlias</S>
                <S>SqlAlwaysOnService</S>
                <S>SqlConfiguration</S>
                <S>SqlDatabase</S>
                <S>SqlDatabaseDefaultLocation</S>
                <S>SqlDatabaseMail</S>
                <S>SqlDatabaseObjectPermission</S>
                <S>SqlDatabaseRole</S>
                <S>SqlDatabaseUser</S>
                <S>SqlEndpoint</S>
                <S>SqlEndpointPermission</S>
                <S>SqlLogin</S>
                <S>SqlMaxDop</S>
                <S>SqlMemory</S>
                <S>SqlProtocol</S>
                <S>SqlProtocolTcpIp</S>
                <S>SqlReplication</S>
                <S>SqlRole</S>
                <S>SqlRS</S>
                <S>SqlRSSetup</S>
                <S>SqlScript</S>
                <S>SqlScriptQuery</S>
                <S>SqlSecureConnection</S>
                <S>SqlServiceAccount</S>
                <S>SqlSetup</S>
                <S>SqlTraceFlag</S>
                <S>SqlWaitForAG</S>
                <S>SqlWindowsFirewall</S>
              </LST>
            </Obj>
          </En>
        </DCT>
      </Obj>
      <Nil N="PowerShellGetFormatVersion" />
      <S N="ReleaseNotes">## [16.6.0] - 2024-05-16_x000D__x000A__x000D__x000A_### Added_x000D__x000A__x000D__x000A_- SqlServerDsc_x000D__x000A_  - Added build tasks to generate Wiki documentation for public commands._x000D__x000A_  - Initial integration tests for commands._x000D__x000A_- SqlDatabaseMail_x000D__x000A_  - Added the parameter `UseDefaultCredentials` to control use of the DatabaseEngine_x000D__x000A_    service account for SMTP server authentication._x000D__x000A_- New public commands_x000D__x000A_  - `Save-SqlDscSqlServerMediaFile` - Downloads the content on the provided URL_x000D__x000A_    and if it is an executable it will use the executable to download the_x000D__x000A_    ISO image media._x000D__x000A__x000D__x000A_### Fixed_x000D__x000A__x000D__x000A_- SqlServerDsc_x000D__x000A_  - `Get-SMOModuleCalculatedVersion`_x000D__x000A_    - Return SQLPS version as 12.0 instead of 120_x000D__x000A_  - `Get-SqlDscPreferredModule`_x000D__x000A_    - Fix sort to get the latest version_x000D__x000A_  - Public commands no handles when both `-Force` and `-Confirm $true`_x000D__x000A_    would be passed to command._x000D__x000A_  - Enabled NUnit results for HQRM tests._x000D__x000A_- `Assert-Feature`_x000D__x000A_  - Fixed unit tests._x000D__x000A_- SqlAGReplica_x000D__x000A_  - Fix unit test FailedRemoveAvailabilityGroupReplica_x000D__x000A_- SqlAgentOperator_x000D__x000A_  - Integration test for changing e-mail address on an existing operator._x000D__x000A_- `DatabasePermission`_x000D__x000A_  - New method ToString() for making verbose output better._x000D__x000A_- `ServerPermission`_x000D__x000A_  - New method ToString() for making verbose output better._x000D__x000A_- SqlAgDatabase_x000D__x000A_  - Remove unused help file ([issue #1745](https://github.com/dsccommunity/SqlServerDsc/issues/1745))._x000D__x000A_- SqlDatabaseObjectPermission_x000D__x000A_  - Added `foreach` loop in `Get-TargetResource` to fix issues with `INSERT`_x000D__x000A_    permissions when it's not the only permission on the table ([issue [#2006](https://github.com/dsccommunity/SqlServerDsc/issues/2006)])._x000D__x000A_- `Install-SqlDscServer`_x000D__x000A_  - No longer throws with duplicate parameter error if the parameter_x000D__x000A_    `ErrorAction` is passed to the command._x000D__x000A_- `Add-SqlDscNode`_x000D__x000A_  - No longer throws with duplicate parameter error if the parameter_x000D__x000A_    `ErrorAction` is passed to the command._x000D__x000A_- `Complete-SqlDscFailoverCluster`_x000D__x000A_  - No longer throws with duplicate parameter error if the parameter_x000D__x000A_    `ErrorAction` is passed to the command._x000D__x000A_- `Complete-SqlDscImage`_x000D__x000A_  - No longer throws with duplicate parameter error if the parameter_x000D__x000A_    `ErrorAction` is passed to the command._x000D__x000A_- `Initialize-SqlDscRebuildDatabase`_x000D__x000A_  - No longer throws with duplicate parameter error if the parameter_x000D__x000A_    `ErrorAction` is passed to the command._x000D__x000A_- `Remove-SqlDscNode`_x000D__x000A_  - No longer throws with duplicate parameter error if the parameter_x000D__x000A_    `ErrorAction` is passed to the command._x000D__x000A_- `Repair-SqlDscServer`_x000D__x000A_  - No longer throws with duplicate parameter error if the parameter_x000D__x000A_    `ErrorAction` is passed to the command._x000D__x000A_- `Uninstall-SqlDscServer`_x000D__x000A_  - No longer throws with duplicate parameter error if the parameter_x000D__x000A_    `ErrorAction` is passed to the command._x000D__x000A_- Private functions_x000D__x000A_  - `Invoke-SetupAction` no longer throws when secure strings is passed on_x000D__x000A_    Windows PowerShell._x000D__x000A__x000D__x000A_### Changed_x000D__x000A__x000D__x000A_- SqlServerDsc_x000D__x000A_  - Updated pipeline files to support pre-releases with ModuleFast (when_x000D__x000A_    resolving dependencies)._x000D__x000A_  - Bump PSResourceGet to v1.0.0 (used when resolving dependencies)._x000D__x000A_  - Update markdown highlights with newly supported keywords._x000D__x000A_  - Bump GitHub Action _Stale_ to v9._x000D__x000A_  - Bump GitHub Action _CodeQL-Action_ to v3._x000D__x000A_  - Documentation is now built using a separate meta task `docs`._x000D__x000A_    It is run with the meta task `pack` which is run by the pipeline._x000D__x000A_    To run the meta task `docs` the SMO assemblies must be loaded into the_x000D__x000A_    session, either by importing SqlServer module or loading SMO stubs._x000D__x000A_  - QA test improved to speed up quality testing._x000D__x000A_  - The pipeline test stages has been split into different stages._x000D__x000A_- SqlAG_x000D__x000A_  - Converted unit test to Pester 5_x000D__x000A_  - DtcSupportEnabled option in Set-TargetResource and TestTargetResource_x000D__x000A_- SqlSetup_x000D__x000A_  - Updated integration tests to use PSResourceGet to download required modules._x000D__x000A_- SqlRS_x000D__x000A_  - Integration tests for SQL Server 2022 has been temporarily disabled due_x000D__x000A_    to a unknown problem. More information in [issue #2009](https://github.com/dsccommunity/SqlServerDsc/issues/2009).</S>
      <Obj N="Dependencies" RefId="12">
        <TNRef RefId="1" />
        <LST />
      </Obj>
      <S N="RepositorySourceLocation">https://www.powershellgallery.com/api/v2</S>
      <S N="Repository">PSGallery</S>
      <S N="PackageManagementProvider">NuGet</S>
      <Obj N="AdditionalMetadata" RefId="13">
        <TN RefId="5">
          <T>System.Management.Automation.PSCustomObject</T>
          <T>System.Object</T>
        </TN>
        <MS>
          <S N="copyright">Copyright the DSC Community contributors. All rights reserved.</S>
          <S N="description">Module with DSC resources for deployment and configuration of Microsoft SQL Server.</S>
          <S N="requireLicenseAcceptance">False</S>
          <S N="releaseNotes">## [16.6.0] - 2024-05-16_x000D__x000A__x000D__x000A_### Added_x000D__x000A__x000D__x000A_- SqlServerDsc_x000D__x000A_  - Added build tasks to generate Wiki documentation for public commands._x000D__x000A_  - Initial integration tests for commands._x000D__x000A_- SqlDatabaseMail_x000D__x000A_  - Added the parameter `UseDefaultCredentials` to control use of the DatabaseEngine_x000D__x000A_    service account for SMTP server authentication._x000D__x000A_- New public commands_x000D__x000A_  - `Save-SqlDscSqlServerMediaFile` - Downloads the content on the provided URL_x000D__x000A_    and if it is an executable it will use the executable to download the_x000D__x000A_    ISO image media._x000D__x000A__x000D__x000A_### Fixed_x000D__x000A__x000D__x000A_- SqlServerDsc_x000D__x000A_  - `Get-SMOModuleCalculatedVersion`_x000D__x000A_    - Return SQLPS version as 12.0 instead of 120_x000D__x000A_  - `Get-SqlDscPreferredModule`_x000D__x000A_    - Fix sort to get the latest version_x000D__x000A_  - Public commands no handles when both `-Force` and `-Confirm $true`_x000D__x000A_    would be passed to command._x000D__x000A_  - Enabled NUnit results for HQRM tests._x000D__x000A_- `Assert-Feature`_x000D__x000A_  - Fixed unit tests._x000D__x000A_- SqlAGReplica_x000D__x000A_  - Fix unit test FailedRemoveAvailabilityGroupReplica_x000D__x000A_- SqlAgentOperator_x000D__x000A_  - Integration test for changing e-mail address on an existing operator._x000D__x000A_- `DatabasePermission`_x000D__x000A_  - New method ToString() for making verbose output better._x000D__x000A_- `ServerPermission`_x000D__x000A_  - New method ToString() for making verbose output better._x000D__x000A_- SqlAgDatabase_x000D__x000A_  - Remove unused help file ([issue #1745](https://github.com/dsccommunity/SqlServerDsc/issues/1745))._x000D__x000A_- SqlDatabaseObjectPermission_x000D__x000A_  - Added `foreach` loop in `Get-TargetResource` to fix issues with `INSERT`_x000D__x000A_    permissions when it's not the only permission on the table ([issue [#2006](https://github.com/dsccommunity/SqlServerDsc/issues/2006)])._x000D__x000A_- `Install-SqlDscServer`_x000D__x000A_  - No longer throws with duplicate parameter error if the parameter_x000D__x000A_    `ErrorAction` is passed to the command._x000D__x000A_- `Add-SqlDscNode`_x000D__x000A_  - No longer throws with duplicate parameter error if the parameter_x000D__x000A_    `ErrorAction` is passed to the command._x000D__x000A_- `Complete-SqlDscFailoverCluster`_x000D__x000A_  - No longer throws with duplicate parameter error if the parameter_x000D__x000A_    `ErrorAction` is passed to the command._x000D__x000A_- `Complete-SqlDscImage`_x000D__x000A_  - No longer throws with duplicate parameter error if the parameter_x000D__x000A_    `ErrorAction` is passed to the command._x000D__x000A_- `Initialize-SqlDscRebuildDatabase`_x000D__x000A_  - No longer throws with duplicate parameter error if the parameter_x000D__x000A_    `ErrorAction` is passed to the command._x000D__x000A_- `Remove-SqlDscNode`_x000D__x000A_  - No longer throws with duplicate parameter error if the parameter_x000D__x000A_    `ErrorAction` is passed to the command._x000D__x000A_- `Repair-SqlDscServer`_x000D__x000A_  - No longer throws with duplicate parameter error if the parameter_x000D__x000A_    `ErrorAction` is passed to the command._x000D__x000A_- `Uninstall-SqlDscServer`_x000D__x000A_  - No longer throws with duplicate parameter error if the parameter_x000D__x000A_    `ErrorAction` is passed to the command._x000D__x000A_- Private functions_x000D__x000A_  - `Invoke-SetupAction` no longer throws when secure strings is passed on_x000D__x000A_    Windows PowerShell._x000D__x000A__x000D__x000A_### Changed_x000D__x000A__x000D__x000A_- SqlServerDsc_x000D__x000A_  - Updated pipeline files to support pre-releases with ModuleFast (when_x000D__x000A_    resolving dependencies)._x000D__x000A_  - Bump PSResourceGet to v1.0.0 (used when resolving dependencies)._x000D__x000A_  - Update markdown highlights with newly supported keywords._x000D__x000A_  - Bump GitHub Action _Stale_ to v9._x000D__x000A_  - Bump GitHub Action _CodeQL-Action_ to v3._x000D__x000A_  - Documentation is now built using a separate meta task `docs`._x000D__x000A_    It is run with the meta task `pack` which is run by the pipeline._x000D__x000A_    To run the meta task `docs` the SMO assemblies must be loaded into the_x000D__x000A_    session, either by importing SqlServer module or loading SMO stubs._x000D__x000A_  - QA test improved to speed up quality testing._x000D__x000A_  - The pipeline test stages has been split into different stages._x000D__x000A_- SqlAG_x000D__x000A_  - Converted unit test to Pester 5_x000D__x000A_  - DtcSupportEnabled option in Set-TargetResource and TestTargetResource_x000D__x000A_- SqlSetup_x000D__x000A_  - Updated integration tests to use PSResourceGet to download required modules._x000D__x000A_- SqlRS_x000D__x000A_  - Integration tests for SQL Server 2022 has been temporarily disabled due_x000D__x000A_    to a unknown problem. More information in [issue #2009](https://github.com/dsccommunity/SqlServerDsc/issues/2009).</S>
          <S N="isLatestVersion">True</S>
          <S N="isAbsoluteLatestVersion">False</S>
          <S N="versionDownloadCount">25484</S>
          <S N="downloadCount">9036242</S>
          <S N="packageSize">519410</S>
          <S N="published">17/05/2024 08:08:29 +01:00</S>
          <S N="created">17/05/2024 08:08:29 +01:00</S>
          <S N="lastUpdated">01/07/2024 13:11:32 +01:00</S>
          <S N="tags">DesiredStateConfiguration DSC DSCResourceKit DSCResource PSModule PSFunction_Add-SqlDscNode PSCommand_Add-SqlDscNode PSFunction_Add-SqlDscTraceFlag PSCommand_Add-SqlDscTraceFlag PSFunction_Complete-SqlDscFailoverCluster PSCommand_Complete-SqlDscFailoverCluster PSFunction_Complete-SqlDscImage PSCommand_Complete-SqlDscImage PSFunction_Connect-SqlDscDatabaseEngine PSCommand_Connect-SqlDscDatabaseEngine PSFunction_ConvertFrom-SqlDscDatabasePermission PSCommand_ConvertFrom-SqlDscDatabasePermission PSFunction_ConvertFrom-SqlDscServerPermission PSCommand_ConvertFrom-SqlDscServerPermission PSFunction_ConvertTo-SqlDscDatabasePermission PSCommand_ConvertTo-SqlDscDatabasePermission PSFunction_ConvertTo-SqlDscServerPermission PSCommand_ConvertTo-SqlDscServerPermission PSFunction_Disable-SqlDscAudit PSCommand_Disable-SqlDscAudit PSFunction_Disconnect-SqlDscDatabaseEngine PSCommand_Disconnect-SqlDscDatabaseEngine PSFunction_Enable-SqlDscAudit PSCommand_Enable-SqlDscAudit PSFunction_Get-SqlDscAudit PSCommand_Get-SqlDscAudit PSFunction_Get-SqlDscConfigurationOption PSCommand_Get-SqlDscConfigurationOption PSFunction_Get-SqlDscDatabasePermission PSCommand_Get-SqlDscDatabasePermission PSFunction_Get-SqlDscManagedComputer PSCommand_Get-SqlDscManagedComputer PSFunction_Get-SqlDscManagedComputerService PSCommand_Get-SqlDscManagedComputerService PSFunction_Get-SqlDscPreferredModule PSCommand_Get-SqlDscPreferredModule PSFunction_Get-SqlDscServerPermission PSCommand_Get-SqlDscServerPermission PSFunction_Get-SqlDscStartupParameter PSCommand_Get-SqlDscStartupParameter PSFunction_Get-SqlDscTraceFlag PSCommand_Get-SqlDscTraceFlag PSFunction_Import-SqlDscPreferredModule PSCommand_Import-SqlDscPreferredModule PSFunction_Initialize-SqlDscRebuildDatabase PSCommand_Initialize-SqlDscRebuildDatabase PSFunction_Install-SqlDscServer PSCommand_Install-SqlDscServer PSFunction_Invoke-SqlDscQuery PSCommand_Invoke-SqlDscQuery PSFunction_New-SqlDscAudit PSCommand_New-SqlDscAudit PSFunction_Remove-SqlDscAudit PSCommand_Remove-SqlDscAudit PSFunction_Remove-SqlDscNode PSCommand_Remove-SqlDscNode PSFunction_Remove-SqlDscTraceFlag PSCommand_Remove-SqlDscTraceFlag PSFunction_Repair-SqlDscServer PSCommand_Repair-SqlDscServer PSFunction_Save-SqlDscSqlServerMediaFile PSCommand_Save-SqlDscSqlServerMediaFile PSFunction_Set-SqlDscAudit PSCommand_Set-SqlDscAudit PSFunction_Set-SqlDscDatabasePermission PSCommand_Set-SqlDscDatabasePermission PSFunction_Set-SqlDscServerPermission PSCommand_Set-SqlDscServerPermission PSFunction_Set-SqlDscStartupParameter PSCommand_Set-SqlDscStartupParameter PSFunction_Set-SqlDscTraceFlag PSCommand_Set-SqlDscTraceFlag PSFunction_Test-SqlDscIsDatabasePrincipal PSCommand_Test-SqlDscIsDatabasePrincipal PSFunction_Test-SqlDscIsLogin PSCommand_Test-SqlDscIsLogin PSFunction_Test-SqlDscIsSupportedFeature PSCommand_Test-SqlDscIsSupportedFeature PSFunction_Uninstall-SqlDscServer PSCommand_Uninstall-SqlDscServer PSIncludes_Function PSDscResource_SqlAudit PSDscResource_SqlDatabasePermission PSDscResource_SqlPermission PSDscResource_SqlAG PSDscResource_SqlAGDatabase PSDscResource_SqlAgentAlert PSDscResource_SqlAgentFailsafe PSDscResource_SqlAgentOperator PSDscResource_SqlAGListener PSDscResource_SqlAGReplica PSDscResource_SqlAlias PSDscResource_SqlAlwaysOnService PSDscResource_SqlConfiguration PSDscResource_SqlDatabase PSDscResource_SqlDatabaseDefaultLocation PSDscResource_SqlDatabaseMail PSDscResource_SqlDatabaseObjectPermission PSDscResource_SqlDatabaseRole PSDscResource_SqlDatabaseUser PSDscResource_SqlEndpoint PSDscResource_SqlEndpointPermission PSDscResource_SqlLogin PSDscResource_SqlMaxDop PSDscResource_SqlMemory PSDscResource_SqlProtocol PSDscResource_SqlProtocolTcpIp PSDscResource_SqlReplication PSDscResource_SqlRole PSDscResource_SqlRS PSDscResource_SqlRSSetup PSDscResource_SqlScript PSDscResource_SqlScriptQuery PSDscResource_SqlSecureConnection PSDscResource_SqlServiceAccount PSDscResource_SqlSetup PSDscResource_SqlTraceFlag PSDscResource_SqlWaitForAG PSDscResource_SqlWindowsFirewall PSIncludes_DscResource</S>
          <S N="developmentDependency">False</S>
          <S N="updated">2024-07-01T13:11:32Z</S>
          <S N="NormalizedVersion">16.6.0</S>
          <S N="Authors">DSC Community</S>
          <S N="IsPrerelease">false</S>
          <S N="ItemType">Module</S>
          <S N="FileList">SqlServerDsc.nuspec|SqlServerDsc.psm1|DSCResources\DSC_SqlAGListener\DSC_SqlAGListener.schema.mof|SqlServerDsc.psd1|DSCResources\DSC_SqlAGListener\DSC_SqlAGListener.psm1|en-US\SqlResourceBase.strings.psd1|DSCResources\DSC_SqlAGDatabase\README.md|en-US\SqlDatabasePermission.strings.psd1|DSCResources\DSC_SqlAGDatabase\DSC_SqlAGDatabase.schema.mof|en-US\about_SqlPermission.help.txt|DSCResources\DSC_SqlAGDatabase\DSC_SqlAGDatabase.psm1|en-US\SqlPermission.strings.psd1|DSCResources\DSC_SqlProtocol\README.md|en-US\SqlServerDsc-help.xml|DSCResources\DSC_SqlProtocol\DSC_SqlProtocol.schema.mof|en-US\SqlServerDsc.strings.psd1|DSCResources\DSC_SqlProtocol\DSC_SqlProtocol.psm1|en-US\about_SqlServerDsc.help.txt|DSCResources\DSC_SqlAlwaysOnService\README.md|en-US\about_SqlAudit.help.txt|DSCResources\DSC_SqlAlwaysOnService\DSC_SqlAlwaysOnService.schema.mof|en-US\about_SqlDatabasePermission.help.txt|DSCResources\DSC_SqlAlwaysOnService\DSC_SqlAlwaysOnService.psm1|en-US\SqlAudit.strings.psd1|DSCResources\DSC_SqlServiceAccount\README.md|DSCResources\DSC_SqlRole\README.md|DSCResources\DSC_SqlServiceAccount\DSC_SqlServiceAccount.schema.mof|DSCResources\DSC_SqlRole\DSC_SqlRole.psm1|DSCResources\DSC_SqlServiceAccount\DSC_SqlServiceAccount.psm1|DSCResources\DSC_SqlRole\DSC_SqlRole.schema.mof|Modules\SqlServerDsc.Common\SqlServerDsc.Common.psm1|DSCResources\DSC_SqlScript\README.md|Modules\SqlServerDsc.Common\SqlServerDsc.Common.psd1|DSCResources\DSC_SqlScript\DSC_SqlScript.psm1|DSCResources\DSC_SqlRole\en-US\DSC_SqlRole.strings.psd1|DSCResources\DSC_SqlScript\DSC_SqlScript.schema.mof|DSCResources\DSC_SqlRole\en-US\about_SqlRole.help.txt|DSCResources\DSC_SqlScriptQuery\README.md|DSCResources\DSC_SqlScript\en-US\DSC_SqlScript.strings.psd1|DSCResources\DSC_SqlScriptQuery\DSC_SqlScriptQuery.psm1|DSCResources\DSC_SqlScript\en-US\about_SqlScript.help.txt|DSCResources\DSC_SqlScriptQuery\DSC_SqlScriptQuery.schema.mof|DSCResources\DSC_SqlScriptQuery\en-US\about_SqlScriptQuery.help.txt|DSCResources\DSC_SqlEndpointPermission\README.md|DSCResources\DSC_SqlScriptQuery\en-US\DSC_SqlScriptQuery.strings.psd1|DSCResources\DSC_SqlEndpointPermission\DSC_SqlEndpointPermission.schema.mof|DSCResources\DSC_SqlEndpointPermission\en-US\DSC_SqlEndpointPermission.strings.psd1|DSCResources\DSC_SqlEndpointPermission\DSC_SqlEndpointPermission.psm1|DSCResources\DSC_SqlEndpointPermission\en-US\about_SqlEndpointPermission.help.txt|DSCResources\DSC_SqlDatabaseObjectPermission\DSC_SqlDatabaseObjectPermission.psm1|DSCResources\DSC_SqlDatabaseObjectPermission\en-US\DSC_SqlDatabaseObjectPermission.strings.psd1|DSCResources\DSC_SqlDatabaseObjectPermission\README.md|DSCResources\DSC_SqlDatabaseObjectPermission\en-US\about_SqlDatabaseObjectPermission.help.txt|DSCResources\DSC_SqlDatabaseObjectPermission\DSC_SqlDatabaseObjectPermission.schema.mof|DSCResources\DSC_SqlMaxDop\en-US\DSC_SqlMaxDop.strings.psd1|DSCResources\DSC_SqlMaxDop\README.md|DSCResources\DSC_SqlMaxDop\en-US\about_SqlMaxDop.help.txt|DSCResources\DSC_SqlMaxDop\DSC_SqlMaxDop.schema.mof|DSCResources\DSC_SqlReplication\en-US\DSC_SqlReplication.strings.psd1|DSCResources\DSC_SqlMaxDop\DSC_SqlMaxDop.psm1|DSCResources\DSC_SqlReplication\en-US\about_SqlReplication.help.txt|DSCResources\DSC_SqlReplication\README.md|DSCResources\DSC_SqlAgentAlert\en-US\DSC_SqlAgentAlert.strings.psd1|DSCResources\DSC_SqlReplication\DSC_SqlReplication.schema.mof|DSCResources\DSC_SqlAgentAlert\en-US\about_SqlAgentAlert.help.txt|DSCResources\DSC_SqlReplication\DSC_SqlReplication.psm1|DSCResources\DSC_SqlDatabase\en-US\about_SqlDatabase.help.txt|DSCResources\DSC_SqlAgentAlert\README.md|DSCResources\DSC_SqlDatabase\en-US\DSC_SqlDatabase.strings.psd1|DSCResources\DSC_SqlAgentAlert\DSC_SqlAgentAlert.psm1|DSCResources\DSC_SqlConfiguration\en-US\about_SqlConfiguration.help.txt|DSCResources\DSC_SqlAgentAlert\DSC_SqlAgentAlert.schema.mof|DSCResources\DSC_SqlConfiguration\en-US\DSC_SqlConfiguration.strings.psd1|DSCResources\DSC_SqlDatabase\README.md|DSCResources\DSC_SqlLogin\en-US\DSC_SqlLogin.strings.psd1|DSCResources\DSC_SqlDatabase\DSC_SqlDatabase.psm1|DSCResources\DSC_SqlLogin\en-US\about_SqlLogin.help.txt|DSCResources\DSC_SqlDatabase\DSC_SqlDatabase.schema.mof|DSCResources\DSC_SqlAGReplica\en-US\about_SqlAGReplica.help.txt|DSCResources\DSC_SqlConfiguration\README.md|DSCResources\DSC_SqlAGReplica\en-US\DSC_SqlAGReplica.strings.psd1|DSCResources\DSC_SqlConfiguration\DSC_SqlConfiguration.schema.mof|DSCResources\DSC_SqlSetup\sv-SE\DSC_SqlSetup.strings.psd1|DSCResources\DSC_SqlConfiguration\DSC_SqlConfiguration.psm1|DSCResources\DSC_SqlSetup\en-US\about_SqlSetup.help.txt|DSCResources\DSC_SqlLogin\README.md|DSCResources\DSC_SqlSetup\en-US\DSC_SqlSetup.strings.psd1|DSCResources\DSC_SqlLogin\DSC_SqlLogin.schema.mof|DSCResources\DSC_SqlDatabaseMail\en-US\DSC_SqlDatabaseMail.strings.psd1|DSCResources\DSC_SqlLogin\DSC_SqlLogin.psm1|DSCResources\DSC_SqlDatabaseMail\en-US\about_SqlDatabaseMail.help.txt|DSCResources\DSC_SqlAGReplica\README.md|DSCResources\DSC_SqlDatabaseRole\en-US\DSC_SqlDatabaseRole.strings.psd1|DSCResources\DSC_SqlAGReplica\DSC_SqlAGReplica.psm1|DSCResources\DSC_SqlDatabaseRole\en-US\about_SqlDatabaseRole.help.txt|DSCResources\DSC_SqlAGReplica\DSC_SqlAGReplica.schema.mof|DSCResources\DSC_SqlWindowsFirewall\en-US\about_SqlWindowsFirewall.help.txt|DSCResources\DSC_SqlSetup\README.md|DSCResources\DSC_SqlWindowsFirewall\en-US\DSC_SqlWindowsFirewall.strings.psd1|DSCResources\DSC_SqlSetup\DSC_SqlSetup.schema.mof|DSCResources\DSC_SqlAgentFailsafe\en-US\DSC_SqlAgentFailsafe.strings.psd1|DSCResources\DSC_SqlSetup\DSC_SqlSetup.psm1|DSCResources\DSC_SqlAgentFailsafe\en-US\about_SqlAgentFailsafe.help.txt|DSCResources\DSC_SqlDatabaseMail\README.md|DSCResources\DSC_SqlAlias\en-US\about_SqlAlias.help.txt|DSCResources\DSC_SqlDatabaseMail\DSC_SqlDatabaseMail.schema.mof|DSCResources\DSC_SqlAlias\en-US\DSC_SqlAlias.strings.psd1|DSCResources\DSC_SqlDatabaseMail\DSC_SqlDatabaseMail.psm1|DSCResources\DSC_SqlWaitForAG\en-US\DSC_SqlWaitForAG.strings.psd1|DSCResources\DSC_SqlDatabaseRole\README.md|DSCResources\DSC_SqlWaitForAG\en-US\about_SqlWaitForAG.help.txt|DSCResources\DSC_SqlDatabaseRole\DSC_SqlDatabaseRole.schema.mof|DSCResources\DSC_SqlRS\en-US\DSC_SqlRS.strings.psd1|DSCResources\DSC_SqlDatabaseRole\DSC_SqlDatabaseRole.psm1|DSCResources\DSC_SqlRS\en-US\about_SqlRS.help.txt|DSCResources\DSC_SqlWindowsFirewall\README.md|DSCResources\DSC_SqlDatabaseDefaultLocation\en-US\DSC_SqlDatabaseDefaultLocation.strings.psd1|DSCResources\DSC_SqlWindowsFirewall\DSC_SqlWindowsFirewall.schema.mof|DSCResources\DSC_SqlDatabaseDefaultLocation\en-US\about_SqlDatabaseDefaultLocation.help.txt|DSCResources\DSC_SqlWindowsFirewall\DSC_SqlWindowsFirewall.psm1|DSCResources\DSC_SqlAG\en-US\about_SqlAG.help.txt|DSCResources\DSC_SqlAgentFailsafe\README.md|DSCResources\DSC_SqlAG\en-US\DSC_SqlAG.strings.psd1|DSCResources\DSC_SqlAgentFailsafe\DSC_SqlAgentFailsafe.schema.mof|DSCResources\DSC_SqlDatabaseUser\en-US\about_SqlDatabaseUser.help.txt|DSCResources\DSC_SqlAgentFailsafe\DSC_SqlAgentFailsafe.psm1|DSCResources\DSC_SqlDatabaseUser\en-US\DSC_SqlDatabaseUser.strings.psd1|DSCResources\DSC_SqlAlias\README.md|DSCResources\DSC_SqlSecureConnection\en-US\about_SqlSecureConnection.help.txt|DSCResources\DSC_SqlAlias\DSC_SqlAlias.schema.mof|DSCResources\DSC_SqlSecureConnection\en-US\DSC_SqlSecureConnection.strings.psd1|DSCResources\DSC_SqlAlias\DSC_SqlAlias.psm1|DSCResources\DSC_SqlEndpoint\en-US\about_SqlEndpoint.help.txt|DSCResources\DSC_SqlWaitForAG\DSC_SqlWaitForAG.schema.mof|DSCResources\DSC_SqlEndpoint\en-US\DSC_SqlEndpoint.strings.psd1|DSCResources\DSC_SqlWaitForAG\README.md|DSCResources\DSC_SqlProtocolTcpIp\en-US\about_SqlProtocolTcpIp.help.txt|DSCResources\DSC_SqlWaitForAG\DSC_SqlWaitForAG.psm1|DSCResources\DSC_SqlProtocolTcpIp\en-US\DSC_SqlProtocolTcpIp.strings.psd1|DSCResources\DSC_SqlRS\README.md|DSCResources\DSC_SqlMemory\en-US\about_SqlMemory.help.txt|DSCResources\DSC_SqlRS\DSC_SqlRS.psm1|DSCResources\DSC_SqlMemory\en-US\DSC_SqlMemory.strings.psd1|DSCResources\DSC_SqlRS\DSC_SqlRS.schema.mof|DSCResources\DSC_SqlAgentOperator\en-US\about_SqlAgentOperator.help.txt|DSCResources\DSC_SqlDatabaseDefaultLocation\DSC_SqlDatabaseDefaultLocation.psm1|DSCResources\DSC_SqlAgentOperator\en-US\DSC_SqlAgentOperator.strings.psd1|DSCResources\DSC_SqlDatabaseDefaultLocation\README.md|DSCResources\DSC_SqlRSSetup\en-US\about_SqlRSSetup.help.txt|DSCResources\DSC_SqlDatabaseDefaultLocation\DSC_SqlDatabaseDefaultLocation.schema.mof|DSCResources\DSC_SqlRSSetup\en-US\DSC_SqlRSSetup.strings.psd1|DSCResources\DSC_SqlAG\README.md|DSCResources\DSC_SqlTraceFlag\en-US\about_SqlTraceFlag.help.txt|DSCResources\DSC_SqlAG\DSC_SqlAG.schema.mof|DSCResources\DSC_SqlTraceFlag\en-US\DSC_SqlTraceFlag.strings.psd1|DSCResources\DSC_SqlAG\DSC_SqlAG.psm1|DSCResources\DSC_SqlAGListener\en-US\about_SqlAGListener.help.txt|DSCResources\DSC_SqlDatabaseUser\README.md|DSCResources\DSC_SqlAGListener\en-US\DSC_SqlAGListener.strings.psd1|DSCResources\DSC_SqlDatabaseUser\DSC_SqlDatabaseUser.schema.mof|DSCResources\DSC_SqlAGDatabase\en-US\DSC_SqlAGDatabase.strings.psd1|DSCResources\DSC_SqlDatabaseUser\DSC_SqlDatabaseUser.psm1|DSCResources\DSC_SqlAGDatabase\en-US\about_SqlAGDatabase.help.txt|DSCResources\DSC_SqlSecureConnection\README.md|DSCResources\DSC_SqlProtocol\en-US\DSC_SqlProtocol.strings.psd1|DSCResources\DSC_SqlSecureConnection\DSC_SqlSecureConnection.psm1|DSCResources\DSC_SqlProtocol\en-US\about_SqlProtocol.help.txt|DSCResources\DSC_SqlSecureConnection\DSC_SqlSecureConnection.schema.mof|DSCResources\DSC_SqlAlwaysOnService\en-US\about_SqlAlwaysOnService.help.txt|DSCResources\DSC_SqlEndpoint\README.md|DSCResources\DSC_SqlAlwaysOnService\en-US\DSC_SqlAlwaysOnService.strings.psd1|DSCResources\DSC_SqlEndpoint\DSC_SqlEndpoint.schema.mof|DSCResources\DSC_SqlServiceAccount\en-US\DSC_SqlServiceAccount.strings.psd1|DSCResources\DSC_SqlEndpoint\DSC_SqlEndpoint.psm1|DSCResources\DSC_SqlServiceAccount\en-US\about_SqlServiceAccount.help.txt|DSCResources\DSC_SqlProtocolTcpIp\README.md|Modules\DscResource.Common\0.17.1\DscResource.Common.psd1|DSCResources\DSC_SqlProtocolTcpIp\DSC_SqlProtocolTcpIp.schema.mof|Modules\DscResource.Common\0.17.1\DscResource.Common.psm1|DSCResources\DSC_SqlProtocolTcpIp\DSC_SqlProtocolTcpIp.psm1|Modules\SqlServerDsc.Common\sv-SE\SqlServerDsc.Common.strings.psd1|DSCResources\DSC_SqlMemory\README.md|Modules\SqlServerDsc.Common\en-US\SqlServerDsc.Common.strings.psd1|DSCResources\DSC_SqlMemory\DSC_SqlMemory.psm1|Modules\DscResource.Base\1.1.0\DscResource.Base.psm1|DSCResources\DSC_SqlMemory\DSC_SqlMemory.schema.mof|Modules\DscResource.Base\1.1.0\DscResource.Base.psd1|DSCResources\DSC_SqlAgentOperator\README.md|Modules\DscResource.Common\0.17.1\en-US\about_DscResource.Common.help.txt|DSCResources\DSC_SqlAgentOperator\DSC_SqlAgentOperator.schema.mof|Modules\DscResource.Common\0.17.1\en-US\DscResource.Common.strings.psd1|DSCResources\DSC_SqlAgentOperator\DSC_SqlAgentOperator.psm1|Modules\DscResource.Common\0.17.1\en-US\DscResource.Common-help.xml|DSCResources\DSC_SqlRSSetup\README.md|Modules\DscResource.Base\1.1.0\en-US\ResourceBase.strings.psd1|DSCResources\DSC_SqlRSSetup\DSC_SqlRSSetup.schema.mof|Modules\DscResource.Base\1.1.0\en-US\about_DscResource.Base.help.txt|DSCResources\DSC_SqlRSSetup\DSC_SqlRSSetup.psm1|Modules\DscResource.Base\1.1.0\en-US\DscResource.Base.strings.psd1|DSCResources\DSC_SqlTraceFlag\README.md|Modules\DscResource.Base\1.1.0\Modules\DscResource.Common\0.14.0\DscResource.Common.psd1|DSCResources\DSC_SqlTraceFlag\DSC_SqlTraceFlag.psm1|Modules\DscResource.Base\1.1.0\Modules\DscResource.Common\0.14.0\DscResource.Common.psm1|DSCResources\DSC_SqlTraceFlag\DSC_SqlTraceFlag.schema.mof|Modules\DscResource.Base\1.1.0\Modules\DscResource.Common\0.14.0\en-US\about_DscResource.Common.help.txt|DSCResources\DSC_SqlAGListener\README.md|Modules\DscResource.Base\1.1.0\Modules\DscResource.Common\0.14.0\en-US\DscResource.Common.strings.psd1</S>
          <S N="GUID">693ee082-ed36-45a7-b490-88b07c86b42f</S>
          <S N="PowerShellVersion">5.0</S>
          <S N="CLRVersion">4.0</S>
          <S N="CompanyName">DSC Community</S>
        </MS>
      </Obj>
      <S N="InstalledLocation">C:\Users\Chris\Documents\PowerShell\Modules\SqlServerDsc\16.6.0</S>
    </MS>
  </Obj>
</Objs>
