<Objs Version="1.1.0.1" xmlns="http://schemas.microsoft.com/powershell/2004/04">
  <Obj RefId="0">
    <TN RefId="0">
      <T>Microsoft.PowerShell.Commands.PSRepositoryItemInfo</T>
      <T>System.Management.Automation.PSCustomObject</T>
      <T>System.Object</T>
    </TN>
    <MS>
      <S N="Name">ComputerManagementDsc</S>
      <Version N="Version">9.1.0</Version>
      <S N="Type">Module</S>
      <S N="Description">DSC resources for configuration of a Windows computer. These DSC resources allow you to perform computer management tasks, such as renaming the computer, joining a domain and scheduling tasks as well as configuring items such as virtual memory, event logs, time zones and power settings.</S>
      <S N="Author">DSC Community</S>
      <Obj N="CompanyName" RefId="1">
        <TN RefId="1">
          <T>System.Object[]</T>
          <T>System.Array</T>
          <T>System.Object</T>
        </TN>
        <LST>
          <S>PowerShellTeam</S>
          <S>gaelcolas</S>
          <S>dsccommunity</S>
        </LST>
      </Obj>
      <S N="Copyright">Copyright the DSC Community contributors. All rights reserved.</S>
      <DT N="PublishedDate">2024-04-30T06:58:18+01:00</DT>
      <Obj N="InstalledDate" RefId="2">
        <DT>2024-07-01T14:08:49.9674311+01:00</DT>
        <MS>
          <Obj N="DisplayHint" RefId="3">
            <TN RefId="2">
              <T>Microsoft.PowerShell.Commands.DisplayHintType</T>
              <T>System.Enum</T>
              <T>System.ValueType</T>
              <T>System.Object</T>
            </TN>
            <ToString>DateTime</ToString>
            <I32>2</I32>
          </Obj>
        </MS>
      </Obj>
      <Nil N="UpdatedDate" />
      <URI N="LicenseUri">https://github.com/dsccommunity/ComputerManagementDsc/blob/main/LICENSE</URI>
      <URI N="ProjectUri">https://github.com/dsccommunity/ComputerManagementDsc</URI>
      <URI N="IconUri">https://dsccommunity.org/images/DSC_Logo_300p.png</URI>
      <Obj N="Tags" RefId="4">
        <TNRef RefId="1" />
        <LST>
          <S>DesiredStateConfiguration</S>
          <S>DSC</S>
          <S>DSCResource</S>
          <S>PSModule</S>
        </LST>
      </Obj>
      <Obj N="Includes" RefId="5">
        <TN RefId="3">
          <T>System.Collections.Hashtable</T>
          <T>System.Object</T>
        </TN>
        <DCT>
          <En>
            <S N="Key">Command</S>
            <Obj N="Value" RefId="6">
              <TNRef RefId="1" />
              <LST />
            </Obj>
          </En>
          <En>
            <S N="Key">Cmdlet</S>
            <Ref N="Value" RefId="6" />
          </En>
          <En>
            <S N="Key">RoleCapability</S>
            <Ref N="Value" RefId="6" />
          </En>
          <En>
            <S N="Key">Workflow</S>
            <Ref N="Value" RefId="6" />
          </En>
          <En>
            <S N="Key">Function</S>
            <Ref N="Value" RefId="6" />
          </En>
          <En>
            <S N="Key">DscResource</S>
            <Obj N="Value" RefId="7">
              <TNRef RefId="1" />
              <LST>
                <S>PSResourceRepository</S>
                <S>Computer</S>
                <S>IEEnhancedSecurityConfiguration</S>
                <S>OfflineDomainJoin</S>
                <S>PendingReboot</S>
                <S>PowerPlan</S>
                <S>PowerShellExecutionPolicy</S>
                <S>RemoteDesktopAdmin</S>
                <S>ScheduledTask</S>
                <S>SmbServerConfiguration</S>
                <S>SmbShare</S>
                <S>SystemLocale</S>
                <S>TimeZone</S>
                <S>UserAccountControl</S>
                <S>VirtualMemory</S>
                <S>WindowsCapability</S>
                <S>WindowsEventLog</S>
              </LST>
            </Obj>
          </En>
        </DCT>
      </Obj>
      <Nil N="PowerShellGetFormatVersion" />
      <S N="ReleaseNotes">## [9.1.0] - 2024-04-30_x000D__x000A__x000D__x000A_### Changed_x000D__x000A__x000D__x000A_- ComputerManagementDsc_x000D__x000A_  - The class-based resources are now re-using the module DscResource.Base - Fixes [Issue #404](https://github.com/dsccommunity/ComputerManagementDsc/issues/404)._x000D__x000A_  - Removed the file `source/build.psd1` as it is no longer required for the_x000D__x000A_    build pipeline._x000D__x000A_  - Fixed Delete-ADSIObject so that existing AD Computer objects will be deleted. Fixes [Issue #414](https://github.com/dsccommunity/ComputerManagementDsc/issues/414)._x000D__x000A_- PSResourceRepository_x000D__x000A_  - The resource now supports the read-only property `Reasons` that the_x000D__x000A_    compliance part (audit via Azure Policy) of Azure AutoManage Machine_x000D__x000A_    Configuration uses._x000D__x000A__x000D__x000A_### Fixed_x000D__x000A__x000D__x000A_- ComputerManagementDsc_x000D__x000A_  - AppVeyor build now sets the correct module version to be able to run tests._x000D__x000A_- ScheduledTask_x000D__x000A_  - Allowed values for ScheduleType updated to accept AtLogon over AtLogOn - Fixes [Issue #420](https://github.com/dsccommunity/ComputerManagementDsc/issues/420)_x000D__x000A_- SmbShare_x000D__x000A_  - Allow Test-TargetResource to succeed when access entries use different order - Fixes [Issue #247](https://github.com/dsccommunity/ComputerManagementDsc/issues/247), [Issue #423](https://github.com/dsccommunity/ComputerManagementDsc/issues/423)_x000D__x000A_- UserAccountControl_x000D__x000A_  - Ensure registry keys are created as REG_DWORD rather than REG_SZ - Fixes [Issue #412](https://github.com/dsccommunity/ComputerManagementDsc/issues/412)</S>
      <Obj N="Dependencies" RefId="8">
        <TNRef RefId="1" />
        <LST />
      </Obj>
      <S N="RepositorySourceLocation">https://www.powershellgallery.com/api/v2</S>
      <S N="Repository">PSGallery</S>
      <S N="PackageManagementProvider">NuGet</S>
      <Obj N="AdditionalMetadata" RefId="9">
        <TN RefId="4">
          <T>System.Management.Automation.PSCustomObject</T>
          <T>System.Object</T>
        </TN>
        <MS>
          <S N="copyright">Copyright the DSC Community contributors. All rights reserved.</S>
          <S N="description">DSC resources for configuration of a Windows computer. These DSC resources allow you to perform computer management tasks, such as renaming the computer, joining a domain and scheduling tasks as well as configuring items such as virtual memory, event logs, time zones and power settings.</S>
          <S N="requireLicenseAcceptance">False</S>
          <S N="releaseNotes">## [9.1.0] - 2024-04-30_x000D__x000A__x000D__x000A_### Changed_x000D__x000A__x000D__x000A_- ComputerManagementDsc_x000D__x000A_  - The class-based resources are now re-using the module DscResource.Base - Fixes [Issue #404](https://github.com/dsccommunity/ComputerManagementDsc/issues/404)._x000D__x000A_  - Removed the file `source/build.psd1` as it is no longer required for the_x000D__x000A_    build pipeline._x000D__x000A_  - Fixed Delete-ADSIObject so that existing AD Computer objects will be deleted. Fixes [Issue #414](https://github.com/dsccommunity/ComputerManagementDsc/issues/414)._x000D__x000A_- PSResourceRepository_x000D__x000A_  - The resource now supports the read-only property `Reasons` that the_x000D__x000A_    compliance part (audit via Azure Policy) of Azure AutoManage Machine_x000D__x000A_    Configuration uses._x000D__x000A__x000D__x000A_### Fixed_x000D__x000A__x000D__x000A_- ComputerManagementDsc_x000D__x000A_  - AppVeyor build now sets the correct module version to be able to run tests._x000D__x000A_- ScheduledTask_x000D__x000A_  - Allowed values for ScheduleType updated to accept AtLogon over AtLogOn - Fixes [Issue #420](https://github.com/dsccommunity/ComputerManagementDsc/issues/420)_x000D__x000A_- SmbShare_x000D__x000A_  - Allow Test-TargetResource to succeed when access entries use different order - Fixes [Issue #247](https://github.com/dsccommunity/ComputerManagementDsc/issues/247), [Issue #423](https://github.com/dsccommunity/ComputerManagementDsc/issues/423)_x000D__x000A_- UserAccountControl_x000D__x000A_  - Ensure registry keys are created as REG_DWORD rather than REG_SZ - Fixes [Issue #412](https://github.com/dsccommunity/ComputerManagementDsc/issues/412)</S>
          <S N="isLatestVersion">True</S>
          <S N="isAbsoluteLatestVersion">False</S>
          <S N="versionDownloadCount">117152</S>
          <S N="downloadCount">43775484</S>
          <S N="packageSize">212934</S>
          <S N="published">30/04/2024 06:58:18 +01:00</S>
          <S N="created">30/04/2024 06:58:18 +01:00</S>
          <S N="lastUpdated">01/07/2024 13:01:31 +01:00</S>
          <S N="tags">DesiredStateConfiguration DSC DSCResource PSModule PSDscResource_PSResourceRepository PSDscResource_Computer PSDscResource_IEEnhancedSecurityConfiguration PSDscResource_OfflineDomainJoin PSDscResource_PendingReboot PSDscResource_PowerPlan PSDscResource_PowerShellExecutionPolicy PSDscResource_RemoteDesktopAdmin PSDscResource_ScheduledTask PSDscResource_SmbServerConfiguration PSDscResource_SmbShare PSDscResource_SystemLocale PSDscResource_TimeZone PSDscResource_UserAccountControl PSDscResource_VirtualMemory PSDscResource_WindowsCapability PSDscResource_WindowsEventLog PSIncludes_DscResource</S>
          <S N="developmentDependency">False</S>
          <S N="updated">2024-07-01T13:01:31Z</S>
          <S N="NormalizedVersion">9.1.0</S>
          <S N="Authors">DSC Community</S>
          <S N="IsPrerelease">false</S>
          <S N="ItemType">Module</S>
          <S N="FileList">ComputerManagementDsc.nuspec|DSCResources\DSC_UserAccountControl\DSC_UserAccountControl.psm1|ComputerManagementDsc.psm1|Modules\ComputerManagementDsc.Common\SetTimeZone.cs|ComputerManagementDsc.psd1|Modules\ComputerManagementDsc.Common\ComputerManagementDsc.Common.psm1|en-US\about_PSResourceRepository.help.txt|DSCResources\DSC_PowerShellExecutionPolicy\en-US\DSC_PowerShellExecutionPolicy.strings.psd1|en-US\PSResourceRepository.strings.psd1|DSCResources\DSC_PowerShellExecutionPolicy\en-US\about_PowerShellExecutionPolicy.help.txt|en-US\ComputerManagementDsc.strings.psd1|DSCResources\DSC_ScheduledTask\en-US\DSC_ScheduledTask.strings.psd1|en-US\about_ComputerManagementDsc.help.txt|DSCResources\DSC_ScheduledTask\en-US\about_ScheduledTask.help.txt|DSCResources\DSC_PowerShellExecutionPolicy\README.md|DSCResources\DSC_WindowsCapability\en-US\DSC_WindowsCapability.strings.psd1|DSCResources\DSC_PowerShellExecutionPolicy\DSC_PowerShellExecutionPolicy.schema.mof|DSCResources\DSC_WindowsCapability\en-US\about_WindowsCapability.help.txt|DSCResources\DSC_PowerShellExecutionPolicy\DSC_PowerShellExecutionPolicy.psm1|DSCResources\DSC_VirtualMemory\en-US\about_VirtualMemory.help.txt|DSCResources\DSC_ScheduledTask\README.md|DSCResources\DSC_VirtualMemory\en-US\DSC_VirtualMemory.strings.psd1|DSCResources\DSC_ScheduledTask\DSC_ScheduledTask.psm1|DSCResources\DSC_SmbShare\en-US\about_SmbShare.help.txt|DSCResources\DSC_ScheduledTask\DSC_ScheduledTask.schema.mof|DSCResources\DSC_SmbShare\en-US\DSC_SmbShare.strings.psd1|DSCResources\DSC_WindowsCapability\README.md|DSCResources\DSC_SmbShare\en-US\DSC_SmbShare.schema.mfl|DSCResources\DSC_WindowsCapability\DSC_WindowsCapability.psm1|DSCResources\DSC_Computer\en-US\about_Computer.help.txt|DSCResources\DSC_WindowsCapability\DSC_WindowsCapability.schema.mof|DSCResources\DSC_Computer\en-US\DSC_Computer.strings.psd1|DSCResources\DSC_VirtualMemory\DSC_VirtualMemory.schema.mof|DSCResources\DSC_WindowsEventLog\en-US\about_WindowsEventLog.help.txt|DSCResources\DSC_VirtualMemory\README.md|DSCResources\DSC_WindowsEventLog\en-US\DSC_WindowsEventLog.strings.psd1|DSCResources\DSC_VirtualMemory\DSC_VirtualMemory.psm1|DSCResources\DSC_RemoteDesktopAdmin\en-US\DSC_RemoteDesktopAdmin.strings.psd1|DSCResources\DSC_SmbShare\README.md|DSCResources\DSC_RemoteDesktopAdmin\en-US\about_RemoteDesktopAdmin.help.txt|DSCResources\DSC_SmbShare\DSC_SmbShare.schema.mof|DSCResources\DSC_IEEnhancedSecurityConfiguration\en-US\about_IEEnhancedSecurityConfiguration.help.txt|DSCResources\DSC_SmbShare\DSC_SmbShare.psm1|DSCResources\DSC_IEEnhancedSecurityConfiguration\en-US\DSC_IEEnhancedSecurityConfiguration.strings.psd1|DSCResources\DSC_Computer\README.md|DSCResources\DSC_PowerPlan\en-US\DSC_PowerPlan.strings.psd1|DSCResources\DSC_Computer\DSC_Computer.psm1|DSCResources\DSC_PowerPlan\en-US\about_PowerPlan.help.txt|DSCResources\DSC_Computer\DSC_Computer.schema.mof|DSCResources\DSC_PowerPlan\en-US\DSC_PowerPlan.schema.mfl|DSCResources\DSC_WindowsEventLog\README.md|DSCResources\DSC_TimeZone\en-US\DSC_TimeZone.strings.psd1|DSCResources\DSC_WindowsEventLog\DSC_WindowsEventLog.schema.mof|DSCResources\DSC_TimeZone\en-US\about_TimeZone.help.txt|DSCResources\DSC_WindowsEventLog\DSC_WindowsEventLog.psm1|DSCResources\DSC_SystemLocale\en-US\DSC_SystemLocale.strings.psd1|DSCResources\DSC_RemoteDesktopAdmin\DSC_RemoteDesktopAdmin.psm1|DSCResources\DSC_SystemLocale\en-US\about_SystemLocale.help.txt|DSCResources\DSC_RemoteDesktopAdmin\README.md|DSCResources\DSC_PendingReboot\en-US\DSC_PendingReboot.data.psd1|DSCResources\DSC_RemoteDesktopAdmin\DSC_RemoteDesktopAdmin.schema.mof|DSCResources\DSC_PendingReboot\en-US\about_PendingReboot.help.txt|DSCResources\DSC_IEEnhancedSecurityConfiguration\README.md|DSCResources\DSC_PendingReboot\en-US\DSC_PendingReboot.strings.psd1|DSCResources\DSC_IEEnhancedSecurityConfiguration\DSC_IEEnhancedSecurityConfiguration.schema.mof|DSCResources\DSC_SmbServerConfiguration\en-US\about_SmbServerConfiguration.help.txt|DSCResources\DSC_IEEnhancedSecurityConfiguration\DSC_IEEnhancedSecurityConfiguration.psm1|DSCResources\DSC_SmbServerConfiguration\en-US\DSC_SmbServerConfiguration.schema.mfl|DSCResources\DSC_PowerPlan\README.md|DSCResources\DSC_SmbServerConfiguration\en-US\DSC_SmbServerConfiguration.strings.psd1|DSCResources\DSC_PowerPlan\DSC_PowerPlan.schema.mof|DSCResources\DSC_OfflineDomainJoin\en-US\about_OfflineDomainJoin.help.txt|DSCResources\DSC_PowerPlan\DSC_PowerPlan.psm1|DSCResources\DSC_OfflineDomainJoin\en-US\DSC_OfflineDomainJoin.strings.psd1|DSCResources\DSC_TimeZone\README.md|DSCResources\DSC_UserAccountControl\en-US\about_UserAccountControl.help.txt|DSCResources\DSC_TimeZone\DSC_TimeZone.schema.mof|DSCResources\DSC_UserAccountControl\en-US\DSC_UserAccountControl.strings.psd1|DSCResources\DSC_TimeZone\DSC_TimeZone.psm1|Modules\ComputerManagementDsc.Common\en-US\ComputerManagementDsc.Common.strings.psd1|DSCResources\DSC_SystemLocale\README.md|Modules\DscResource.Base\1.1.0\DscResource.Base.psd1|DSCResources\DSC_SystemLocale\DSC_SystemLocale.psm1|Modules\DscResource.Base\1.1.0\DscResource.Base.psm1|DSCResources\DSC_SystemLocale\DSC_SystemLocale.schema.mof|Modules\DscResource.Common\0.17.1\DscResource.Common.psd1|DSCResources\DSC_PendingReboot\README.md|Modules\DscResource.Common\0.17.1\DscResource.Common.psm1|DSCResources\DSC_PendingReboot\DSC_PendingReboot.schema.mof|Modules\DscResource.Base\1.1.0\en-US\DscResource.Base.strings.psd1|DSCResources\DSC_PendingReboot\DSC_PendingReboot.psm1|Modules\DscResource.Base\1.1.0\en-US\about_DscResource.Base.help.txt|DSCResources\DSC_SmbServerConfiguration\README.md|Modules\DscResource.Base\1.1.0\en-US\ResourceBase.strings.psd1|DSCResources\DSC_SmbServerConfiguration\DSC_SmbServerConfiguration.psm1|Modules\DscResource.Common\0.17.1\en-US\DscResource.Common-help.xml|DSCResources\DSC_SmbServerConfiguration\DSC_SmbServerConfiguration.schema.mof|Modules\DscResource.Common\0.17.1\en-US\DscResource.Common.strings.psd1|DSCResources\DSC_SmbServerConfiguration\DSC_SmbServerConfiguration.data.psd1|Modules\DscResource.Common\0.17.1\en-US\about_DscResource.Common.help.txt|DSCResources\DSC_OfflineDomainJoin\README.md|Modules\DscResource.Base\1.1.0\Modules\DscResource.Common\0.14.0\DscResource.Common.psd1|DSCResources\DSC_OfflineDomainJoin\DSC_OfflineDomainJoin.schema.mof|Modules\DscResource.Base\1.1.0\Modules\DscResource.Common\0.14.0\DscResource.Common.psm1|DSCResources\DSC_OfflineDomainJoin\DSC_OfflineDomainJoin.psm1|Modules\DscResource.Base\1.1.0\Modules\DscResource.Common\0.14.0\en-US\DscResource.Common.strings.psd1|DSCResources\DSC_UserAccountControl\README.md|Modules\DscResource.Base\1.1.0\Modules\DscResource.Common\0.14.0\en-US\about_DscResource.Common.help.txt|DSCResources\DSC_UserAccountControl\DSC_UserAccountControl.schema.mof</S>
          <S N="GUID">B5004952-489E-43EA-999C-F16A25355B89</S>
          <S N="PowerShellVersion">5.0</S>
          <S N="CLRVersion">4.0</S>
          <S N="CompanyName">DSC Community</S>
        </MS>
      </Obj>
      <S N="InstalledLocation">C:\Users\Chris\Documents\PowerShell\Modules\ComputerManagementDsc\9.1.0</S>
    </MS>
  </Obj>
</Objs>
