<Objs Version="1.1.0.1" xmlns="http://schemas.microsoft.com/powershell/2004/04">
  <Obj RefId="0">
    <TN RefId="0">
      <T>Microsoft.PowerShell.Commands.PSRepositoryItemInfo</T>
      <T>System.Management.Automation.PSCustomObject</T>
      <T>System.Object</T>
    </TN>
    <MS>
      <S N="Name">xPSDesiredStateConfiguration</S>
      <Version N="Version">9.2.1</Version>
      <S N="Type">Module</S>
      <S N="Description">DSC resources for configuring common operating systems features, files and settings.</S>
      <S N="Author">DSC Community</S>
      <Obj N="CompanyName" RefId="1">
        <TN RefId="1">
          <T>System.Object[]</T>
          <T>System.Array</T>
          <T>System.Object</T>
        </TN>
        <LST>
          <S>PowerShellTeam</S>
          <S>gaelcolas</S>
          <S>dsccommunity</S>
        </LST>
      </Obj>
      <S N="Copyright">Copyright the DSC Community contributors. All rights reserved.</S>
      <DT N="PublishedDate">2024-11-11T17:38:06+00:00</DT>
      <Obj N="InstalledDate" RefId="2">
        <DT>2026-01-13T15:26:03.7820591+00:00</DT>
        <MS>
          <Obj N="DisplayHint" RefId="3">
            <TN RefId="2">
              <T>Microsoft.PowerShell.Commands.DisplayHintType</T>
              <T>System.Enum</T>
              <T>System.ValueType</T>
              <T>System.Object</T>
            </TN>
            <ToString>DateTime</ToString>
            <I32>2</I32>
          </Obj>
        </MS>
      </Obj>
      <Nil N="UpdatedDate" />
      <URI N="LicenseUri">https://github.com/dsccommunity/xPSDesiredStateConfiguration/blob/main/LICENSE</URI>
      <URI N="ProjectUri">https://github.com/dsccommunity/xPSDesiredStateConfiguration</URI>
      <URI N="IconUri">https://dsccommunity.org/images/DSC_Logo_300p.png</URI>
      <Obj N="Tags" RefId="4">
        <TNRef RefId="1" />
        <LST>
          <S>DesiredStateConfiguration</S>
          <S>DSC</S>
          <S>DSCResourceKit</S>
          <S>DSCResource</S>
          <S>PSModule</S>
        </LST>
      </Obj>
      <Obj N="Includes" RefId="5">
        <TN RefId="3">
          <T>System.Collections.Hashtable</T>
          <T>System.Object</T>
        </TN>
        <DCT>
          <En>
            <S N="Key">Workflow</S>
            <Obj N="Value" RefId="6">
              <TNRef RefId="1" />
              <LST />
            </Obj>
          </En>
          <En>
            <S N="Key">Command</S>
            <Obj N="Value" RefId="7">
              <TNRef RefId="1" />
              <LST>
                <S>Publish-DscModuleAndMof</S>
                <S>Publish-ModulesAndChecksum</S>
                <S>Publish-MofsInSource</S>
                <S>Publish-ModuleToPullServer</S>
                <S>Publish-MofToPullServer</S>
              </LST>
            </Obj>
          </En>
          <En>
            <S N="Key">Function</S>
            <Obj N="Value" RefId="8">
              <TNRef RefId="1" />
              <LST>
                <S>Publish-DscModuleAndMof</S>
                <S>Publish-ModulesAndChecksum</S>
                <S>Publish-MofsInSource</S>
                <S>Publish-ModuleToPullServer</S>
                <S>Publish-MofToPullServer</S>
              </LST>
            </Obj>
          </En>
          <En>
            <S N="Key">Cmdlet</S>
            <Ref N="Value" RefId="6" />
          </En>
          <En>
            <S N="Key">RoleCapability</S>
            <Ref N="Value" RefId="6" />
          </En>
          <En>
            <S N="Key">DscResource</S>
            <Obj N="Value" RefId="9">
              <TNRef RefId="1" />
              <LST>
                <S>xArchive</S>
                <S>xDSCWebService</S>
                <S>xEnvironment</S>
                <S>xGroup</S>
                <S>xMsiPackage</S>
                <S>xPackage</S>
                <S>xPSEndpoint</S>
                <S>xRegistry</S>
                <S>xRemoteFile</S>
                <S>xScript</S>
                <S>xService</S>
                <S>xUser</S>
                <S>xWindowsFeature</S>
                <S>xWindowsOptionalFeature</S>
                <S>xWindowsPackageCab</S>
                <S>xWindowsProcess</S>
                <S>xFileUpload</S>
                <S>xGroupSet</S>
                <S>xProcessSet</S>
                <S>xServiceSet</S>
                <S>xWindowsFeatureSet</S>
                <S>xWindowsOptionalFeatureSet</S>
              </LST>
            </Obj>
          </En>
        </DCT>
      </Obj>
      <Nil N="PowerShellGetFormatVersion" />
      <S N="ReleaseNotes">## [9.2.1] - 2024-11-11_x000D__x000A__x000D__x000A_### Fixed_x000D__x000A__x000D__x000A_- xGroup_x000D__x000A_  - Fixed a bug where the get resource would fail if group members is empty [Issue #772](https://github.com/dsccommunity/xPSDesiredStateConfiguration/issues/772)</S>
      <Obj N="Dependencies" RefId="10">
        <TNRef RefId="1" />
        <LST />
      </Obj>
      <S N="RepositorySourceLocation">https://www.powershellgallery.com/api/v2</S>
      <S N="Repository">PSGallery</S>
      <S N="PackageManagementProvider">NuGet</S>
      <Obj N="AdditionalMetadata" RefId="11">
        <TN RefId="4">
          <T>System.Management.Automation.PSCustomObject</T>
          <T>System.Object</T>
        </TN>
        <MS>
          <S N="copyright">Copyright the DSC Community contributors. All rights reserved.</S>
          <S N="description">DSC resources for configuring common operating systems features, files and settings.</S>
          <S N="requireLicenseAcceptance">False</S>
          <S N="releaseNotes">## [9.2.1] - 2024-11-11_x000D__x000A__x000D__x000A_### Fixed_x000D__x000A__x000D__x000A_- xGroup_x000D__x000A_  - Fixed a bug where the get resource would fail if group members is empty [Issue #772](https://github.com/dsccommunity/xPSDesiredStateConfiguration/issues/772)</S>
          <S N="isLatestVersion">True</S>
          <S N="isAbsoluteLatestVersion">True</S>
          <S N="versionDownloadCount">1387450</S>
          <S N="downloadCount">17347869</S>
          <S N="packageSize">294721</S>
          <S N="published">11/11/2024 17:38:06 +00:00</S>
          <S N="created">11/11/2024 17:38:06 +00:00</S>
          <S N="lastUpdated">13/01/2026 15:20:00 +00:00</S>
          <S N="tags">DesiredStateConfiguration DSC DSCResourceKit DSCResource PSModule PSFunction_Publish-DscModuleAndMof PSCommand_Publish-DscModuleAndMof PSFunction_Publish-ModulesAndChecksum PSCommand_Publish-ModulesAndChecksum PSFunction_Publish-MofsInSource PSCommand_Publish-MofsInSource PSFunction_Publish-ModuleToPullServer PSCommand_Publish-ModuleToPullServer PSFunction_Publish-MofToPullServer PSCommand_Publish-MofToPullServer PSIncludes_Function PSDscResource_x005F_xArchive PSDscResource_x005F_xDSCWebService PSDscResource_x005F_xEnvironment PSDscResource_x005F_xGroup PSDscResource_x005F_xMsiPackage PSDscResource_x005F_xPackage PSDscResource_x005F_xPSEndpoint PSDscResource_x005F_xRegistry PSDscResource_x005F_xRemoteFile PSDscResource_x005F_xScript PSDscResource_x005F_xService PSDscResource_x005F_xUser PSDscResource_x005F_xWindowsFeature PSDscResource_x005F_xWindowsOptionalFeature PSDscResource_x005F_xWindowsPackageCab PSDscResource_x005F_xWindowsProcess PSDscResource_x005F_xFileUpload PSDscResource_x005F_xGroupSet PSDscResource_x005F_xProcessSet PSDscResource_x005F_xServiceSet PSDscResource_x005F_xWindowsFeatureSet PSDscResource_x005F_xWindowsOptionalFeatureSet PSIncludes_DscResource</S>
          <S N="developmentDependency">False</S>
          <S N="updated">2026-01-13T15:20:00Z</S>
          <S N="NormalizedVersion">9.2.1</S>
          <S N="Authors">DSC Community</S>
          <S N="IsPrerelease">false</S>
          <S N="ItemType">Module</S>
          <S N="FileList">xPSDesiredStateConfiguration.nuspec|xPSDesiredStateConfiguration.psd1|DSCResources\xProcessSet\xProcessSet.psd1|DSCResources\DSC_x005F_xDSCWebService\DSC_x005F_xDSCWebService.schema.mof|en-US\about_x005F_xPSDesiredStateConfiguration.help.txt|DSCResources\DSC_x005F_xDSCWebService\README.md|en-US\DscPullServerSetup-help.xml|DSCResources\DSC_x005F_xDSCWebService\DSC_x005F_xDSCWebService.psm1|ResourceDesignerScripts\New-PSSessionConfigurationResource.ps1|DSCResources\DSC_x005F_xPackageResource\DSC_x005F_xPackageResource.psm1|ResourceDesignerScripts\GenerateXRemoteFileSchema.ps1|DSCResources\DSC_x005F_xPackageResource\DSC_x005F_xPackageResource.schema.mof|Modules\DscPullServerSetup\README.md|DSCResources\DSC_x005F_xPackageResource\README.md|Modules\DscPullServerSetup\DscPullServerSetup.psm1|DSCResources\DSC_x005F_xEnvironmentResource\DSC_x005F_xEnvironmentResource.psm1|Modules\xPSDesiredStateConfiguration.Firewall\xPSDesiredStateConfiguration.Firewall.psm1|DSCResources\DSC_x005F_xEnvironmentResource\DSC_x005F_xEnvironmentResource.schema.mof|Modules\xPSDesiredStateConfiguration.Firewall\xPSDesiredStateConfiguration.Firewall.psd1|DSCResources\DSC_x005F_xEnvironmentResource\README.md|Modules\xPSDesiredStateConfiguration.Security\xPSDesiredStateConfiguration.Security.psd1|DSCResources\DSC_x005F_xArchive\DSC_x005F_xArchive.schema.mof|Modules\xPSDesiredStateConfiguration.Security\xPSDesiredStateConfiguration.Security.psm1|DSCResources\DSC_x005F_xArchive\README.md|Modules\xPSDesiredStateConfiguration.Common\xPSDesiredStateConfiguration.Common.psd1|DSCResources\DSC_x005F_xArchive\DSC_x005F_xArchive.psm1|Modules\xPSDesiredStateConfiguration.Common\xPSDesiredStateConfiguration.Common.psm1|Modules\DscResource.Common\0.19.0\DscResource.Common.psd1|Modules\xPSDesiredStateConfiguration.PSWSIIS\xPSDesiredStateConfiguration.PSWSIIS.psd1|Modules\DscResource.Common\0.19.0\DscResource.Common.psm1|Modules\xPSDesiredStateConfiguration.PSWSIIS\xPSDesiredStateConfiguration.PSWSIIS.psm1|Modules\DscPullServerSetup\en-US\DscPullServerSetup.strings.psd1|DSCResources\DSC_x005F_xWindowsPackageCab\DSC_x005F_xWindowsPackageCab.schema.mof|Modules\DscPullServerSetup\DscPullServerSetupTest\DscPullServerSetupTest.ps1|DSCResources\DSC_x005F_xWindowsPackageCab\DSC_x005F_xWindowsPackageCab.psm1|Modules\xPSDesiredStateConfiguration.Firewall\en-US\xPSDesiredStateConfiguration.Firewall.strings.psd1|DSCResources\DSC_x005F_xWindowsPackageCab\README.md|Modules\xPSDesiredStateConfiguration.Security\en-US\xPSDesiredStateConfiguration.Security.strings.psd1|DSCResources\xServiceSet\xServiceSet.schema.psm1|Modules\xPSDesiredStateConfiguration.Common\en-US\xPSDesiredStateConfiguration.Common.strings.psd1|DSCResources\xServiceSet\README.md|Modules\xPSDesiredStateConfiguration.PSWSIIS\en-US\xPSDesiredStateConfiguration.PSWSIIS.strings.psd1|DSCResources\xServiceSet\xServiceSet.psd1|DSCResources\DSC_x005F_xWindowsPackageCab\en-US\DSC_x005F_xWindowsPackageCab.strings.psd1|DSCResources\DSC_x005F_xWindowsOptionalFeature\README.md|DSCResources\DSC_x005F_xWindowsPackageCab\en-US\DSC_x005F_xWindowsPackageCab.schema.mfl|DSCResources\DSC_x005F_xWindowsOptionalFeature\DSC_x005F_xWindowsOptionalFeature.schema.mof|DSCResources\DSC_x005F_xWindowsPackageCab\en-US\about_x005F_xWindowsPackageCab.help.txt|DSCResources\DSC_x005F_xWindowsOptionalFeature\DSC_x005F_xWindowsOptionalFeature.psm1|DSCResources\DSC_x005F_xWindowsOptionalFeature\en-US\DSC_x005F_xWindowsOptionalFeature.strings.psd1|DSCResources\xFileUpload\xFileUpload.psd1|DSCResources\DSC_x005F_xWindowsOptionalFeature\en-US\about_x005F_xWindowsOptionalFeature.help.txt|DSCResources\xFileUpload\xFileUpload.schema.psm1|DSCResources\DSC_x005F_xWindowsOptionalFeature\en-US\DSC_x005F_xWindowsOptionalFeature.schema.mfl|DSCResources\xFileUpload\README.md|DSCResources\DSC_x005F_xGroupResource\en-US\DSC_x005F_xGroupResource.schema.mfl|DSCResources\DSC_x005F_xGroupResource\DSC_x005F_xGroupResource.schema.mof|DSCResources\DSC_x005F_xGroupResource\en-US\about_x005F_xGroup.help.txt|DSCResources\DSC_x005F_xGroupResource\README.md|DSCResources\DSC_x005F_xGroupResource\en-US\DSC_x005F_xGroupResource.strings.psd1|DSCResources\DSC_x005F_xGroupResource\DSC_x005F_xGroupResource.psm1|DSCResources\DSC_x005F_xRegistryResource\en-US\about_x005F_xRegistry.help.txt|DSCResources\xGroupSet\xGroupSet.schema.psm1|DSCResources\DSC_x005F_xRegistryResource\en-US\DSC_x005F_xRegistryResource.strings.psd1|DSCResources\xGroupSet\README.md|DSCResources\DSC_x005F_xRegistryResource\en-US\DSC_x005F_xRegistryResource.schema.mfl|DSCResources\xGroupSet\xGroupSet.psd1|DSCResources\DSC_x005F_xPSSessionConfiguration\en-US\about_x005F_xPSEndpoint.help.txt|DSCResources\DSC_x005F_xRegistryResource\DSC_x005F_xRegistryResource.schema.mof|DSCResources\DSC_x005F_xPSSessionConfiguration\en-US\DSC_x005F_xPSSessionConfiguration.strings.psd1|DSCResources\DSC_x005F_xRegistryResource\DSC_x005F_xRegistryResource.psm1|DSCResources\DSC_x005F_xUserResource\en-US\about_x005F_xUser.help.txt|DSCResources\DSC_x005F_xRegistryResource\README.md|DSCResources\DSC_x005F_xUserResource\en-US\DSC_x005F_xUserResource.schema.mfl|DSCResources\DSC_x005F_xPSSessionConfiguration\DSC_x005F_xPSSessionConfiguration.schema.mof|DSCResources\DSC_x005F_xUserResource\en-US\DSC_x005F_xUserResource.strings.psd1|DSCResources\DSC_x005F_xPSSessionConfiguration\DSC_x005F_xPSSessionConfiguration.psm1|DSCResources\DSC_x005F_xScriptResource\en-US\DSC_x005F_xScriptResource.schema.mfl|DSCResources\DSC_x005F_xPSSessionConfiguration\README.md|DSCResources\DSC_x005F_xScriptResource\en-US\about_x005F_xScript.help.txt|DSCResources\xWindowsOptionalFeatureSet\xWindowsOptionalFeatureSet.schema.psm1|DSCResources\DSC_x005F_xScriptResource\en-US\DSC_x005F_xScriptResource.strings.psd1|DSCResources\xWindowsOptionalFeatureSet\README.md|DSCResources\DSC_x005F_xMsiPackage\en-US\about_x005F_xMsiPackage.help.txt|DSCResources\xWindowsOptionalFeatureSet\xWindowsOptionalFeatureSet.psd1|DSCResources\DSC_x005F_xMsiPackage\en-US\DSC_x005F_xMsiPackage.schema.mfl|DSCResources\DSC_x005F_xUserResource\DSC_x005F_xUserResource.schema.mof|DSCResources\DSC_x005F_xMsiPackage\en-US\DSC_x005F_xMsiPackage.strings.psd1|DSCResources\DSC_x005F_xUserResource\README.md|DSCResources\DSC_x005F_xWindowsProcess\en-US\DSC_x005F_xWindowsProcess.strings.psd1|DSCResources\DSC_x005F_xUserResource\DSC_x005F_xUserResource.psm1|DSCResources\DSC_x005F_xWindowsProcess\en-US\about_x005F_xWindowsProcess.help.txt|DSCResources\DSC_x005F_xScriptResource\DSC_x005F_xScriptResource.schema.mof|DSCResources\DSC_x005F_xWindowsProcess\en-US\DSC_x005F_xWindowsProcess.schema.mfl|DSCResources\DSC_x005F_xScriptResource\README.md|DSCResources\DSC_x005F_xServiceResource\en-US\about_x005F_xService.help.txt|DSCResources\DSC_x005F_xScriptResource\DSC_x005F_xScriptResource.psm1|DSCResources\DSC_x005F_xServiceResource\en-US\DSC_x005F_xServiceResource.strings.psd1|DSCResources\DSC_x005F_xMsiPackage\DSC_x005F_xMsiPackage.psm1|DSCResources\DSC_x005F_xServiceResource\en-US\DSC_x005F_xServiceResource.schema.mfl|DSCResources\DSC_x005F_xMsiPackage\README.md|DSCResources\DSC_x005F_xRemoteFile\en-US\DSC_x005F_xRemoteFile.strings.psd1|DSCResources\DSC_x005F_xMsiPackage\DSC_x005F_xMsiPackage.schema.mof|DSCResources\DSC_x005F_xRemoteFile\en-US\about_x005F_xRemoteFile.help.txt|DSCResources\DSC_x005F_xWindowsProcess\README.md|DSCResources\DSC_x005F_xWindowsFeature\en-US\DSC_x005F_xWindowsFeature.schema.mfl|DSCResources\DSC_x005F_xWindowsProcess\DSC_x005F_xWindowsProcess.psm1|DSCResources\DSC_x005F_xWindowsFeature\en-US\DSC_x005F_xWindowsFeature.strings.psd1|DSCResources\DSC_x005F_xWindowsProcess\DSC_x005F_xWindowsProcess.schema.mof|DSCResources\DSC_x005F_xWindowsFeature\en-US\about_x005F_xWindowsFeature.help.txt|DSCResources\DSC_x005F_xServiceResource\DSC_x005F_xServiceResource.psm1|DSCResources\DSC_x005F_xDSCWebService\en-US\about_x005F_xDSCWebService.help.txt|DSCResources\DSC_x005F_xServiceResource\README.md|DSCResources\DSC_x005F_xDSCWebService\en-US\DSC_x005F_xDSCWebService.strings.psd1|DSCResources\DSC_x005F_xServiceResource\DSC_x005F_xServiceResource.schema.mof|DSCResources\DSC_x005F_xPackageResource\en-US\about_x005F_xPackage.help.txt|DSCResources\DSC_x005F_xRemoteFile\DSC_x005F_xRemoteFile.psm1|DSCResources\DSC_x005F_xPackageResource\en-US\DSC_x005F_xPackageResource.schema.mfl|DSCResources\DSC_x005F_xRemoteFile\DSC_x005F_xRemoteFile.schema.mof|DSCResources\DSC_x005F_xPackageResource\en-US\DSC_x005F_xPackageResource.strings.psd1|DSCResources\DSC_x005F_xRemoteFile\README.md|DSCResources\DSC_x005F_xEnvironmentResource\en-US\DSC_x005F_xEnvironmentResource.schema.mfl|DSCResources\DSC_x005F_xWindowsFeature\DSC_x005F_xWindowsFeature.schema.mof|DSCResources\DSC_x005F_xEnvironmentResource\en-US\about_x005F_xEnvironment.help.txt|DSCResources\DSC_x005F_xWindowsFeature\DSC_x005F_xWindowsFeature.psm1|DSCResources\DSC_x005F_xEnvironmentResource\en-US\DSC_x005F_xEnvironmentResource.strings.psd1|DSCResources\DSC_x005F_xWindowsFeature\README.md|DSCResources\DSC_x005F_xArchive\en-US\about_x005F_xArchive.help.txt|DSCResources\xWindowsFeatureSet\xWindowsFeatureSet.schema.psm1|DSCResources\DSC_x005F_xArchive\en-US\DSC_x005F_xArchive.strings.psd1|DSCResources\xWindowsFeatureSet\xWindowsFeatureSet.psd1|DSCResources\DSC_x005F_xArchive\en-US\DSC_x005F_xArchive.schema.mfl|DSCResources\xWindowsFeatureSet\README.md|Modules\DscResource.Common\0.19.0\en-US\about_DscResource.Common.help.txt|DSCResources\xProcessSet\xProcessSet.schema.psm1|Modules\DscResource.Common\0.19.0\en-US\DscResource.Common-help.xml|DSCResources\xProcessSet\README.md|Modules\DscResource.Common\0.19.0\en-US\DscResource.Common.strings.psd1</S>
          <S N="GUID">cc8dc021-fa5f-4f96-8ecf-dfd68a6d9d48</S>
          <S N="PowerShellVersion">4.0</S>
          <S N="CLRVersion">4.0</S>
          <S N="CompanyName">DSC Community</S>
        </MS>
      </Obj>
      <S N="InstalledLocation">C:\Users\Chris\Documents\PowerShell\Modules\xPSDesiredStateConfiguration\9.2.1</S>
    </MS>
  </Obj>
</Objs>
