<Objs Version="1.1.0.1" xmlns="http://schemas.microsoft.com/powershell/2004/04">
  <Obj RefId="0">
    <TN RefId="0">
      <T>Microsoft.PowerShell.Commands.PSRepositoryItemInfo</T>
      <T>System.Management.Automation.PSCustomObject</T>
      <T>System.Object</T>
    </TN>
    <MS>
      <S N="Name">SqlServerDsc</S>
      <Version N="Version">16.0.0</Version>
      <S N="Type">Module</S>
      <S N="Description">Module with DSC resources for deployment and configuration of Microsoft SQL Server.</S>
      <S N="Author">DSC Community</S>
      <Obj N="CompanyName" RefId="1">
        <TN RefId="1">
          <T>System.Object[]</T>
          <T>System.Array</T>
          <T>System.Object</T>
        </TN>
        <LST>
          <S>PowerShellTeam</S>
          <S>gaelcolas</S>
          <S>dsccommunity</S>
        </LST>
      </Obj>
      <S N="Copyright">Copyright the DSC Community contributors. All rights reserved.</S>
      <DT N="PublishedDate">2022-09-09T07:12:13+01:00</DT>
      <Obj N="InstalledDate" RefId="2">
        <DT>2023-01-18T09:06:40.2921492+00:00</DT>
        <MS>
          <Obj N="DisplayHint" RefId="3">
            <TN RefId="2">
              <T>Microsoft.PowerShell.Commands.DisplayHintType</T>
              <T>System.Enum</T>
              <T>System.ValueType</T>
              <T>System.Object</T>
            </TN>
            <ToString>DateTime</ToString>
            <I32>2</I32>
          </Obj>
        </MS>
      </Obj>
      <Nil N="UpdatedDate" />
      <URI N="LicenseUri">https://github.com/dsccommunity/SqlServerDsc/blob/main/LICENSE</URI>
      <URI N="ProjectUri">https://github.com/dsccommunity/SqlServerDsc</URI>
      <URI N="IconUri">https://dsccommunity.org/images/DSC_Logo_300p.png</URI>
      <Obj N="Tags" RefId="4">
        <TNRef RefId="1" />
        <LST>
          <S>DesiredStateConfiguration</S>
          <S>DSC</S>
          <S>DSCResourceKit</S>
          <S>DSCResource</S>
          <S>PSModule</S>
        </LST>
      </Obj>
      <Obj N="Includes" RefId="5">
        <TN RefId="3">
          <T>System.Collections.Hashtable</T>
          <T>System.Object</T>
        </TN>
        <DCT>
          <En>
            <S N="Key">RoleCapability</S>
            <Obj N="Value" RefId="6">
              <TNRef RefId="1" />
              <LST />
            </Obj>
          </En>
          <En>
            <S N="Key">Workflow</S>
            <Ref N="Value" RefId="6" />
          </En>
          <En>
            <S N="Key">Function</S>
            <Obj N="Value" RefId="7">
              <TNRef RefId="1" />
              <LST>
                <S>Connect-SqlDscDatabaseEngine</S>
                <S>ConvertFrom-SqlDscDatabasePermission</S>
                <S>ConvertFrom-SqlDscServerPermission</S>
                <S>ConvertTo-SqlDscDatabasePermission</S>
                <S>ConvertTo-SqlDscServerPermission</S>
                <S>Disable-SqlDscAudit</S>
                <S>Enable-SqlDscAudit</S>
                <S>Get-SqlDscAudit</S>
                <S>Get-SqlDscDatabasePermission</S>
                <S>Get-SqlDscServerPermission</S>
                <S>Invoke-SqlDscQuery</S>
                <S>New-SqlDscAudit</S>
                <S>Remove-SqlDscAudit</S>
                <S>Set-SqlDscAudit</S>
                <S>Set-SqlDscDatabasePermission</S>
                <S>Set-SqlDscServerPermission</S>
                <S>Test-SqlDscIsDatabasePrincipal</S>
                <S>Test-SqlDscIsLogin</S>
              </LST>
            </Obj>
          </En>
          <En>
            <S N="Key">Command</S>
            <Obj N="Value" RefId="8">
              <TNRef RefId="1" />
              <LST>
                <S>Connect-SqlDscDatabaseEngine</S>
                <S>ConvertFrom-SqlDscDatabasePermission</S>
                <S>ConvertFrom-SqlDscServerPermission</S>
                <S>ConvertTo-SqlDscDatabasePermission</S>
                <S>ConvertTo-SqlDscServerPermission</S>
                <S>Disable-SqlDscAudit</S>
                <S>Enable-SqlDscAudit</S>
                <S>Get-SqlDscAudit</S>
                <S>Get-SqlDscDatabasePermission</S>
                <S>Get-SqlDscServerPermission</S>
                <S>Invoke-SqlDscQuery</S>
                <S>New-SqlDscAudit</S>
                <S>Remove-SqlDscAudit</S>
                <S>Set-SqlDscAudit</S>
                <S>Set-SqlDscDatabasePermission</S>
                <S>Set-SqlDscServerPermission</S>
                <S>Test-SqlDscIsDatabasePrincipal</S>
                <S>Test-SqlDscIsLogin</S>
              </LST>
            </Obj>
          </En>
          <En>
            <S N="Key">DscResource</S>
            <Obj N="Value" RefId="9">
              <TNRef RefId="1" />
              <LST>
                <S>SqlAudit</S>
                <S>SqlDatabasePermission</S>
                <S>SqlPermission</S>
                <S>SqlAG</S>
                <S>SqlAGDatabase</S>
                <S>SqlAgentAlert</S>
                <S>SqlAgentFailsafe</S>
                <S>SqlAgentOperator</S>
                <S>SqlAGListener</S>
                <S>SqlAGReplica</S>
                <S>SqlAlias</S>
                <S>SqlAlwaysOnService</S>
                <S>SqlConfiguration</S>
                <S>SqlDatabase</S>
                <S>SqlDatabaseDefaultLocation</S>
                <S>SqlDatabaseMail</S>
                <S>SqlDatabaseObjectPermission</S>
                <S>SqlDatabaseRole</S>
                <S>SqlDatabaseUser</S>
                <S>SqlEndpoint</S>
                <S>SqlEndpointPermission</S>
                <S>SqlLogin</S>
                <S>SqlMaxDop</S>
                <S>SqlMemory</S>
                <S>SqlProtocol</S>
                <S>SqlProtocolTcpIp</S>
                <S>SqlReplication</S>
                <S>SqlRole</S>
                <S>SqlRS</S>
                <S>SqlRSSetup</S>
                <S>SqlScript</S>
                <S>SqlScriptQuery</S>
                <S>SqlSecureConnection</S>
                <S>SqlServiceAccount</S>
                <S>SqlSetup</S>
                <S>SqlTraceFlag</S>
                <S>SqlWaitForAG</S>
                <S>SqlWindowsFirewall</S>
              </LST>
            </Obj>
          </En>
          <En>
            <S N="Key">Cmdlet</S>
            <Ref N="Value" RefId="6" />
          </En>
        </DCT>
      </Obj>
      <Nil N="PowerShellGetFormatVersion" />
      <S N="ReleaseNotes">## [16.0.0] - 2022-09-06_x000A__x000D__x000A_### Removed_x000D__x000A__x000D__x000A_- The deprecated DSC resource SqlDatabaseOwner have been removed _(and replaced__x000D__x000A_  _by a property in [**SqlDatabase**](https://github.com/dsccommunity/SqlServerDsc/wiki/sqldatabase))__x000D__x000A_  ([issue #1725](https://github.com/dsccommunity/SqlServerDsc/issues/1725))._x000D__x000A_- The deprecated DSC resource SqlDatabaseRecoveryModel have been removed _(and__x000D__x000A_  _replaced by a property in [**SqlDatabase**](https://github.com/dsccommunity/SqlServerDsc/wiki/sqldatabase))__x000D__x000A_  ([issue #1725](https://github.com/dsccommunity/SqlServerDsc/issues/1725))._x000D__x000A_- The deprecated DSC resource SqlServerEndpointState have been removed _(and__x000D__x000A_  _replaced by a property in [**SqlEndpoint**](https://github.com/dsccommunity/SqlServerDsc/wiki/sqlendpoint))__x000D__x000A_  ([issue #1725](https://github.com/dsccommunity/SqlServerDsc/issues/1725))._x000D__x000A_- The deprecated DSC resource SqlServerNetwork have been removed _(and replaced by__x000D__x000A_  _[**SqlProtocol**](https://github.com/dsccommunity/SqlServerDsc/wiki/sqlprotocol)__x000D__x000A_  _and [**SqlProtocolTcpIp**](https://github.com/dsccommunity/SqlServerDsc/wiki/sqlprotocoltcpip))__x000D__x000A_  ([issue #1725](https://github.com/dsccommunity/SqlServerDsc/issues/1725))._x000D__x000A_- CommonTestHelper_x000D__x000A_  - Remove the helper function `Wait-ForIdleLcm` since it has been moved_x000D__x000A_    to the module _DscResource.Test_._x000D__x000A_  - Remove the helper function `Get-InvalidOperationRecord` since it has_x000D__x000A_    been moved to the module _DscResource.Test_._x000D__x000A_  - Remove the helper function `Get-InvalidResultRecord` since it has been_x000D__x000A_    moved to the module _DscResource.Test_._x000D__x000A__x000D__x000A_### Added_x000D__x000A__x000D__x000A_- SqlServerDsc_x000D__x000A_  - Added recommended VS Code extensions._x000D__x000A_    - Added settings for VS Code extension _Pester Test Adapter_._x000D__x000A_  - Added new Script Analyzer rules from the module _Indented.ScriptAnalyzerRules__x000D__x000A_    to help development and review process. The rules that did not contradict_x000D__x000A_    the existing DSC Community rules and style guideline were added._x000D__x000A_  - Added the Visual Studio Code extension _Code Spell Checker_ to the list_x000D__x000A_    of recommended Visual Studio Code extensions._x000D__x000A_  - Added a file `prefix.ps1` which content is placed first in the built module_x000D__x000A_    (.psm1). This file imports dependent modules, and imports localized strings_x000D__x000A_    used by private and public commands._x000D__x000A_  - The following classes were added to the module:_x000D__x000A_    - `DatabasePermission` - complex type for the DSC resource SqlDatabasePermission._x000D__x000A_    - `Ensure` - Enum to be used for the property `Ensure` in class-based_x000D__x000A_      resources._x000D__x000A_    - `Reason` - Used by method `Get()` to return the reason a property is not_x000D__x000A_      in desired state._x000D__x000A_    - `ResourceBase` - class that can be inherited by class-based resource and_x000D__x000A_      provides functionality meant simplify the creating of class-based resource._x000D__x000A_    - `SqlResourceBase` - class that can be inherited by class-based resource and_x000D__x000A_      provides default DSC properties and method for get a `[Server]`-object._x000D__x000A_    - `ServerPermission` - complex type for the DSC resource SqlPermission._x000D__x000A_  - The following private functions were added to the module (see comment-based_x000D__x000A_    help for more information):_x000D__x000A_    - `ConvertFrom-CompareResult`_x000D__x000A_    - `ConvertTo-Reason`_x000D__x000A_    - `Get-ClassName`_x000D__x000A_    - `Get-DscProperty`_x000D__x000A_    - `Get-LocalizedDataRecursive`_x000D__x000A_    - `Test-ResourceHasDscProperty`_x000D__x000A_    - `Test-ResourceDscPropertyIsAssigned`_x000D__x000A_  - The following public functions were added to the module (see comment-based_x000D__x000A_    help for more information):_x000D__x000A_    - `Connect-SqlDscDatabaseEngine`_x000D__x000A_    - `ConvertFrom-SqlDscDatabasePermission`_x000D__x000A_    - `ConvertTo-SqlDscDatabasePermission`_x000D__x000A_    - `Get-SqlDscDatabasePermission`_x000D__x000A_    - `Set-SqlDscDatabasePermission`_x000D__x000A_    - `Test-SqlDscIsDatabasePrincipal`_x000D__x000A_    - `Test-SqlDscIsLogin`_x000D__x000A_    - `ConvertFrom-SqlDscServerPermission`_x000D__x000A_    - `ConvertTo-SqlDscServerPermission`_x000D__x000A_    - `Get-SqlDscServerPermission`_x000D__x000A_    - `Set-SqlDscServerPermission`_x000D__x000A_    - `Invoke-SqlDscQuery`_x000D__x000A_    - `Get-SqlDscAudit`_x000D__x000A_    - `New-SqlDscAudit`_x000D__x000A_    - `Set-SqlDscAudit`_x000D__x000A_    - `Remove-SqlDscAudit`_x000D__x000A_    - `Enable-SqlDscAudit`_x000D__x000A_    - `Disable-SqlDscAudit`_x000D__x000A_  - Support for debugging of integration tests in AppVeyor._x000D__x000A_    - Only run for pull requests_x000D__x000A_  - Add new resource SqlAudit._x000D__x000A_- CommonTestHelper_x000D__x000A_  - `Import-SqlModuleStub`_x000D__x000A_    - Added the optional parameter **PasThru** that, if used, will return the_x000D__x000A_      name of the stub module._x000D__x000A_    - When removing stub modules from the session that is not supposed to_x000D__x000A_      be loaded, it uses `Get-Module -All` to look for previously loaded_x000D__x000A_      stub modules._x000D__x000A_  - `Remove-SqlModuleStub`_x000D__x000A_    - Added a new helper function `Remove-SqlModuleStub` for tests to remove_x000D__x000A_      the PowerShell SqlServer stub module when a test has run._x000D__x000A_- SqlWindowsFirewall_x000D__x000A_  - Added integration tests for SqlWindowsFirewall ([issue #747](https://github.com/dsccommunity/SqlServerDsc/issues/747))._x000D__x000A_- `Get-DscProperty`_x000D__x000A_  - Added parameter `ExcludeName` to exclude property names from being returned._x000D__x000A__x000D__x000A_### Changed_x000D__x000A__x000D__x000A_- SqlServerDsc_x000D__x000A_  - Updated pipeline to use the build worker image 'ubuntu-latest'._x000D__x000A_  - Switch to installing GitVersion using 'dotnet tool install' ([issue #1732](https://github.com/dsccommunity/SqlServerDsc/issues/1732))._x000D__x000A_  - Bumped Stale task to v5 in the GitHub workflow._x000D__x000A_  - Make it possible to publish code coverage on failed test runs, and_x000D__x000A_    when re-run a fail job._x000D__x000A_  - Exclude Script Analyzer rule **TypeNotFound** in the file `.vscode/analyzersettings.psd1`._x000D__x000A_  - Update CONTRIBUTING.md describing error handling in commands and class-based_x000D__x000A_    resources._x000D__x000A_  - The QA tests are now run in Windows PowerShell due to a bug in PowerShell 7_x000D__x000A_    that makes class-based resource using inheritance to not work._x000D__x000A_  - The QA test are excluding the rule **TypeNotFound** because it cannot_x000D__x000A_    run on the source files (there is a new issue that is tracking so this_x000D__x000A_    rule is only run on the built module)._x000D__x000A_  - The Pester code coverage has been switched to use the older functionality_x000D__x000A_    that uses breakpoints to calculate coverage. Newer functionality sometimes_x000D__x000A_    throw an exception when used in conjunction with class-based resources.¨_x000D__x000A_  - SMO stubs (used in the unit tests)_x000D__x000A_    - Was updated to remove a bug related to the type `DatabasePermissionInfo`_x000D__x000A_      when used with the type `DatabasePermissionSet`._x000D__x000A_      The stubs suggested that the property `PermissionType` (of type `DatabasePermissionSet`)_x000D__x000A_      in `DatabasePermissionInfo` should have been a array `DatabasePermissionSet[]`._x000D__x000A_      This conflicted with real SMO as it does not pass an array, but instead_x000D__x000A_      a single `DatabasePermissionSet`. The stubs was modified to mimic the_x000D__x000A_      real SMO. At the same time some old mock code in the SMO stubs was removed_x000D__x000A_      as it was no longer in use._x000D__x000A_    - Was updated to remove a bug related to the type `ServerPermissionInfo`_x000D__x000A_      when used with the type `ServerPermissionSet`. The stubs suggested that_x000D__x000A_      the property `PermissionType` (of type `ServerPermissionSet`)_x000D__x000A_      in `ServerPermissionInfo` should have been a array `ServerPermissionSet[]`._x000D__x000A_      This conflicted with real SMO as it does not pass an array, but instead_x000D__x000A_      a single `ServerPermissionSet`. The stubs was modified to mimic the_x000D__x000A_      real SMO. At the same time some old mock code in the SMO stubs was removed_x000D__x000A_      as it was no longer in use._x000D__x000A_  - Updated integration tests README.md to describe how to use Appveyor to_x000D__x000A_    debug integration tests._x000D__x000A_- Wiki_x000D__x000A_  - add introduction and links to DSC technology_x000D__x000A_- SqlServerDsc.Common_x000D__x000A_  - The parameter `SetupCredential` of the function `Connect-SQL` was renamed_x000D__x000A_    to `Credential` and the parameter name `SetupCredential` was made a_x000D__x000A_    parameter alias._x000D__x000A_- SqlLogin_x000D__x000A_  - BREAKING CHANGE: The parameters `LoginMustChangePassword`, `LoginPasswordExpirationEnabled`,_x000D__x000A_    and `LoginPasswordPolicyEnforced` no longer have a default value of `$true`._x000D__x000A_    This means that when creating a new login, and not specifically setting_x000D__x000A_    these parameters to `$true` in the configuration, the login that is created_x000D__x000A_    will have these properties set to `$false`._x000D__x000A_  - BREAKING CHANGE: `LoginMustChangePassword`, `LoginPasswordExpirationEnabled`,_x000D__x000A_    and `LoginPasswordPolicyEnforced` parameters no longer enforce default_x000D__x000A_    values ([issue #1669](https://github.com/dsccommunity/SqlServerDsc/issues/1669))._x000D__x000A_- SqlServerDsc_x000D__x000A_  - All tests have been converted to run in Pester 5 (Pester 4 can no_x000D__x000A_    longer be supported) ([issue #1654](https://github.com/dsccommunity/SqlServerDsc/issues/1654))._x000D__x000A_  - Pipeline build and deploy now runs on Ubuntu 18.04, see more information_x000D__x000A_    in https://github.com/actions/virtual-environments/issues/3287._x000D__x000A_  - Update the pipeline file _azure-pipelines.yml_ to use the latest version_x000D__x000A_    from the Sampler project._x000D__x000A_- SqlRs_x000D__x000A_  - BREAKING CHANGE: Now the Reporting Services is always restarted after_x000D__x000A_    the call to CIM method `SetDatabaseConnection` when setting up the_x000D__x000A_    Reporting Services. This so to try to finish the initialization of_x000D__x000A_    Reporting Services. This was prior only done for _SQL Server Reporting__x000D__x000A_    _Services 2019_ ([issue #1721](https://github.com/dsccommunity/SqlServerDsc/issues/1721))._x000D__x000A_  - Added some verbose messages to better indicate which CIM methods are run_x000D__x000A_    and when they are run._x000D__x000A_  - Minor refactor to support running unit test with strict mode enabled._x000D__x000A_- SqlLogin_x000D__x000A_  - Only enforces optional parameter `LoginType` when it is specified in the_x000D__x000A_    configuration._x000D__x000A_  - Only enforces optional parameters `LoginPasswordExpirationEnabled` and_x000D__x000A_    `LoginPasswordPolicyEnforced` for a SQL login when the parameters are_x000D__x000A_    specified in the configuration._x000D__x000A_  - A localized string for an error message was updated to correctly reflect_x000D__x000A_    the code that says that to use a SQL login the authentication mode must_x000D__x000A_    be either Mixed or Normal, prio it just stated Mixed._x000D__x000A_- SqlSecureConnection_x000D__x000A_  - BREAKING CHANGE: Now `Get-TargetResource` returns the value `'Empty'`_x000D__x000A_    f</S>
      <Obj N="Dependencies" RefId="10">
        <TNRef RefId="1" />
        <LST />
      </Obj>
      <S N="RepositorySourceLocation">https://www.powershellgallery.com/api/v2</S>
      <S N="Repository">PSGallery</S>
      <S N="PackageManagementProvider">NuGet</S>
      <Obj N="AdditionalMetadata" RefId="11">
        <TN RefId="4">
          <T>System.Management.Automation.PSCustomObject</T>
          <T>System.Object</T>
        </TN>
        <MS>
          <S N="copyright">Copyright the DSC Community contributors. All rights reserved.</S>
          <S N="description">Module with DSC resources for deployment and configuration of Microsoft SQL Server.</S>
          <S N="requireLicenseAcceptance">False</S>
          <S N="releaseNotes">## [16.0.0] - 2022-09-06_x000A__x000D__x000A_### Removed_x000D__x000A__x000D__x000A_- The deprecated DSC resource SqlDatabaseOwner have been removed _(and replaced__x000D__x000A_  _by a property in [**SqlDatabase**](https://github.com/dsccommunity/SqlServerDsc/wiki/sqldatabase))__x000D__x000A_  ([issue #1725](https://github.com/dsccommunity/SqlServerDsc/issues/1725))._x000D__x000A_- The deprecated DSC resource SqlDatabaseRecoveryModel have been removed _(and__x000D__x000A_  _replaced by a property in [**SqlDatabase**](https://github.com/dsccommunity/SqlServerDsc/wiki/sqldatabase))__x000D__x000A_  ([issue #1725](https://github.com/dsccommunity/SqlServerDsc/issues/1725))._x000D__x000A_- The deprecated DSC resource SqlServerEndpointState have been removed _(and__x000D__x000A_  _replaced by a property in [**SqlEndpoint**](https://github.com/dsccommunity/SqlServerDsc/wiki/sqlendpoint))__x000D__x000A_  ([issue #1725](https://github.com/dsccommunity/SqlServerDsc/issues/1725))._x000D__x000A_- The deprecated DSC resource SqlServerNetwork have been removed _(and replaced by__x000D__x000A_  _[**SqlProtocol**](https://github.com/dsccommunity/SqlServerDsc/wiki/sqlprotocol)__x000D__x000A_  _and [**SqlProtocolTcpIp**](https://github.com/dsccommunity/SqlServerDsc/wiki/sqlprotocoltcpip))__x000D__x000A_  ([issue #1725](https://github.com/dsccommunity/SqlServerDsc/issues/1725))._x000D__x000A_- CommonTestHelper_x000D__x000A_  - Remove the helper function `Wait-ForIdleLcm` since it has been moved_x000D__x000A_    to the module _DscResource.Test_._x000D__x000A_  - Remove the helper function `Get-InvalidOperationRecord` since it has_x000D__x000A_    been moved to the module _DscResource.Test_._x000D__x000A_  - Remove the helper function `Get-InvalidResultRecord` since it has been_x000D__x000A_    moved to the module _DscResource.Test_._x000D__x000A__x000D__x000A_### Added_x000D__x000A__x000D__x000A_- SqlServerDsc_x000D__x000A_  - Added recommended VS Code extensions._x000D__x000A_    - Added settings for VS Code extension _Pester Test Adapter_._x000D__x000A_  - Added new Script Analyzer rules from the module _Indented.ScriptAnalyzerRules__x000D__x000A_    to help development and review process. The rules that did not contradict_x000D__x000A_    the existing DSC Community rules and style guideline were added._x000D__x000A_  - Added the Visual Studio Code extension _Code Spell Checker_ to the list_x000D__x000A_    of recommended Visual Studio Code extensions._x000D__x000A_  - Added a file `prefix.ps1` which content is placed first in the built module_x000D__x000A_    (.psm1). This file imports dependent modules, and imports localized strings_x000D__x000A_    used by private and public commands._x000D__x000A_  - The following classes were added to the module:_x000D__x000A_    - `DatabasePermission` - complex type for the DSC resource SqlDatabasePermission._x000D__x000A_    - `Ensure` - Enum to be used for the property `Ensure` in class-based_x000D__x000A_      resources._x000D__x000A_    - `Reason` - Used by method `Get()` to return the reason a property is not_x000D__x000A_      in desired state._x000D__x000A_    - `ResourceBase` - class that can be inherited by class-based resource and_x000D__x000A_      provides functionality meant simplify the creating of class-based resource._x000D__x000A_    - `SqlResourceBase` - class that can be inherited by class-based resource and_x000D__x000A_      provides default DSC properties and method for get a `[Server]`-object._x000D__x000A_    - `ServerPermission` - complex type for the DSC resource SqlPermission._x000D__x000A_  - The following private functions were added to the module (see comment-based_x000D__x000A_    help for more information):_x000D__x000A_    - `ConvertFrom-CompareResult`_x000D__x000A_    - `ConvertTo-Reason`_x000D__x000A_    - `Get-ClassName`_x000D__x000A_    - `Get-DscProperty`_x000D__x000A_    - `Get-LocalizedDataRecursive`_x000D__x000A_    - `Test-ResourceHasDscProperty`_x000D__x000A_    - `Test-ResourceDscPropertyIsAssigned`_x000D__x000A_  - The following public functions were added to the module (see comment-based_x000D__x000A_    help for more information):_x000D__x000A_    - `Connect-SqlDscDatabaseEngine`_x000D__x000A_    - `ConvertFrom-SqlDscDatabasePermission`_x000D__x000A_    - `ConvertTo-SqlDscDatabasePermission`_x000D__x000A_    - `Get-SqlDscDatabasePermission`_x000D__x000A_    - `Set-SqlDscDatabasePermission`_x000D__x000A_    - `Test-SqlDscIsDatabasePrincipal`_x000D__x000A_    - `Test-SqlDscIsLogin`_x000D__x000A_    - `ConvertFrom-SqlDscServerPermission`_x000D__x000A_    - `ConvertTo-SqlDscServerPermission`_x000D__x000A_    - `Get-SqlDscServerPermission`_x000D__x000A_    - `Set-SqlDscServerPermission`_x000D__x000A_    - `Invoke-SqlDscQuery`_x000D__x000A_    - `Get-SqlDscAudit`_x000D__x000A_    - `New-SqlDscAudit`_x000D__x000A_    - `Set-SqlDscAudit`_x000D__x000A_    - `Remove-SqlDscAudit`_x000D__x000A_    - `Enable-SqlDscAudit`_x000D__x000A_    - `Disable-SqlDscAudit`_x000D__x000A_  - Support for debugging of integration tests in AppVeyor._x000D__x000A_    - Only run for pull requests_x000D__x000A_  - Add new resource SqlAudit._x000D__x000A_- CommonTestHelper_x000D__x000A_  - `Import-SqlModuleStub`_x000D__x000A_    - Added the optional parameter **PasThru** that, if used, will return the_x000D__x000A_      name of the stub module._x000D__x000A_    - When removing stub modules from the session that is not supposed to_x000D__x000A_      be loaded, it uses `Get-Module -All` to look for previously loaded_x000D__x000A_      stub modules._x000D__x000A_  - `Remove-SqlModuleStub`_x000D__x000A_    - Added a new helper function `Remove-SqlModuleStub` for tests to remove_x000D__x000A_      the PowerShell SqlServer stub module when a test has run._x000D__x000A_- SqlWindowsFirewall_x000D__x000A_  - Added integration tests for SqlWindowsFirewall ([issue #747](https://github.com/dsccommunity/SqlServerDsc/issues/747))._x000D__x000A_- `Get-DscProperty`_x000D__x000A_  - Added parameter `ExcludeName` to exclude property names from being returned._x000D__x000A__x000D__x000A_### Changed_x000D__x000A__x000D__x000A_- SqlServerDsc_x000D__x000A_  - Updated pipeline to use the build worker image 'ubuntu-latest'._x000D__x000A_  - Switch to installing GitVersion using 'dotnet tool install' ([issue #1732](https://github.com/dsccommunity/SqlServerDsc/issues/1732))._x000D__x000A_  - Bumped Stale task to v5 in the GitHub workflow._x000D__x000A_  - Make it possible to publish code coverage on failed test runs, and_x000D__x000A_    when re-run a fail job._x000D__x000A_  - Exclude Script Analyzer rule **TypeNotFound** in the file `.vscode/analyzersettings.psd1`._x000D__x000A_  - Update CONTRIBUTING.md describing error handling in commands and class-based_x000D__x000A_    resources._x000D__x000A_  - The QA tests are now run in Windows PowerShell due to a bug in PowerShell 7_x000D__x000A_    that makes class-based resource using inheritance to not work._x000D__x000A_  - The QA test are excluding the rule **TypeNotFound** because it cannot_x000D__x000A_    run on the source files (there is a new issue that is tracking so this_x000D__x000A_    rule is only run on the built module)._x000D__x000A_  - The Pester code coverage has been switched to use the older functionality_x000D__x000A_    that uses breakpoints to calculate coverage. Newer functionality sometimes_x000D__x000A_    throw an exception when used in conjunction with class-based resources.¨_x000D__x000A_  - SMO stubs (used in the unit tests)_x000D__x000A_    - Was updated to remove a bug related to the type `DatabasePermissionInfo`_x000D__x000A_      when used with the type `DatabasePermissionSet`._x000D__x000A_      The stubs suggested that the property `PermissionType` (of type `DatabasePermissionSet`)_x000D__x000A_      in `DatabasePermissionInfo` should have been a array `DatabasePermissionSet[]`._x000D__x000A_      This conflicted with real SMO as it does not pass an array, but instead_x000D__x000A_      a single `DatabasePermissionSet`. The stubs was modified to mimic the_x000D__x000A_      real SMO. At the same time some old mock code in the SMO stubs was removed_x000D__x000A_      as it was no longer in use._x000D__x000A_    - Was updated to remove a bug related to the type `ServerPermissionInfo`_x000D__x000A_      when used with the type `ServerPermissionSet`. The stubs suggested that_x000D__x000A_      the property `PermissionType` (of type `ServerPermissionSet`)_x000D__x000A_      in `ServerPermissionInfo` should have been a array `ServerPermissionSet[]`._x000D__x000A_      This conflicted with real SMO as it does not pass an array, but instead_x000D__x000A_      a single `ServerPermissionSet`. The stubs was modified to mimic the_x000D__x000A_      real SMO. At the same time some old mock code in the SMO stubs was removed_x000D__x000A_      as it was no longer in use._x000D__x000A_  - Updated integration tests README.md to describe how to use Appveyor to_x000D__x000A_    debug integration tests._x000D__x000A_- Wiki_x000D__x000A_  - add introduction and links to DSC technology_x000D__x000A_- SqlServerDsc.Common_x000D__x000A_  - The parameter `SetupCredential` of the function `Connect-SQL` was renamed_x000D__x000A_    to `Credential` and the parameter name `SetupCredential` was made a_x000D__x000A_    parameter alias._x000D__x000A_- SqlLogin_x000D__x000A_  - BREAKING CHANGE: The parameters `LoginMustChangePassword`, `LoginPasswordExpirationEnabled`,_x000D__x000A_    and `LoginPasswordPolicyEnforced` no longer have a default value of `$true`._x000D__x000A_    This means that when creating a new login, and not specifically setting_x000D__x000A_    these parameters to `$true` in the configuration, the login that is created_x000D__x000A_    will have these properties set to `$false`._x000D__x000A_  - BREAKING CHANGE: `LoginMustChangePassword`, `LoginPasswordExpirationEnabled`,_x000D__x000A_    and `LoginPasswordPolicyEnforced` parameters no longer enforce default_x000D__x000A_    values ([issue #1669](https://github.com/dsccommunity/SqlServerDsc/issues/1669))._x000D__x000A_- SqlServerDsc_x000D__x000A_  - All tests have been converted to run in Pester 5 (Pester 4 can no_x000D__x000A_    longer be supported) ([issue #1654](https://github.com/dsccommunity/SqlServerDsc/issues/1654))._x000D__x000A_  - Pipeline build and deploy now runs on Ubuntu 18.04, see more information_x000D__x000A_    in https://github.com/actions/virtual-environments/issues/3287._x000D__x000A_  - Update the pipeline file _azure-pipelines.yml_ to use the latest version_x000D__x000A_    from the Sampler project._x000D__x000A_- SqlRs_x000D__x000A_  - BREAKING CHANGE: Now the Reporting Services is always restarted after_x000D__x000A_    the call to CIM method `SetDatabaseConnection` when setting up the_x000D__x000A_    Reporting Services. This so to try to finish the initialization of_x000D__x000A_    Reporting Services. This was prior only done for _SQL Server Reporting__x000D__x000A_    _Services 2019_ ([issue #1721](https://github.com/dsccommunity/SqlServerDsc/issues/1721))._x000D__x000A_  - Added some verbose messages to better indicate which CIM methods are run_x000D__x000A_    and when they are run._x000D__x000A_  - Minor refactor to support running unit test with strict mode enabled._x000D__x000A_- SqlLogin_x000D__x000A_  - Only enforces optional parameter `LoginType` when it is specified in the_x000D__x000A_    configuration._x000D__x000A_  - Only enforces optional parameters `LoginPasswordExpirationEnabled` and_x000D__x000A_    `LoginPasswordPolicyEnforced` for a SQL login when the parameters are_x000D__x000A_    specified in the configuration._x000D__x000A_  - A localized string for an error message was updated to correctly reflect_x000D__x000A_    the code that says that to use a SQL login the authentication mode must_x000D__x000A_    be either Mixed or Normal, prio it just stated Mixed._x000D__x000A_- SqlSecureConnection_x000D__x000A_  - BREAKING CHANGE: Now `Get-TargetResource` returns the value `'Empty'`_x000D__x000A_    f</S>
          <S N="isLatestVersion">True</S>
          <S N="isAbsoluteLatestVersion">False</S>
          <S N="versionDownloadCount">650221</S>
          <S N="downloadCount">7675172</S>
          <S N="packageSize">376932</S>
          <S N="published">09/09/2022 07:12:13 +01:00</S>
          <S N="created">09/09/2022 07:12:13 +01:00</S>
          <S N="lastUpdated">18/01/2023 09:01:54 +00:00</S>
          <S N="tags">DesiredStateConfiguration DSC DSCResourceKit DSCResource PSModule PSFunction_Connect-SqlDscDatabaseEngine PSCommand_Connect-SqlDscDatabaseEngine PSFunction_ConvertFrom-SqlDscDatabasePermission PSCommand_ConvertFrom-SqlDscDatabasePermission PSFunction_ConvertFrom-SqlDscServerPermission PSCommand_ConvertFrom-SqlDscServerPermission PSFunction_ConvertTo-SqlDscDatabasePermission PSCommand_ConvertTo-SqlDscDatabasePermission PSFunction_ConvertTo-SqlDscServerPermission PSCommand_ConvertTo-SqlDscServerPermission PSFunction_Disable-SqlDscAudit PSCommand_Disable-SqlDscAudit PSFunction_Enable-SqlDscAudit PSCommand_Enable-SqlDscAudit PSFunction_Get-SqlDscAudit PSCommand_Get-SqlDscAudit PSFunction_Get-SqlDscDatabasePermission PSCommand_Get-SqlDscDatabasePermission PSFunction_Get-SqlDscServerPermission PSCommand_Get-SqlDscServerPermission PSFunction_Invoke-SqlDscQuery PSCommand_Invoke-SqlDscQuery PSFunction_New-SqlDscAudit PSCommand_New-SqlDscAudit PSFunction_Remove-SqlDscAudit PSCommand_Remove-SqlDscAudit PSFunction_Set-SqlDscAudit PSCommand_Set-SqlDscAudit PSFunction_Set-SqlDscDatabasePermission PSCommand_Set-SqlDscDatabasePermission PSFunction_Set-SqlDscServerPermission PSCommand_Set-SqlDscServerPermission PSFunction_Test-SqlDscIsDatabasePrincipal PSCommand_Test-SqlDscIsDatabasePrincipal PSFunction_Test-SqlDscIsLogin PSCommand_Test-SqlDscIsLogin PSIncludes_Function PSDscResource_SqlAudit PSDscResource_SqlDatabasePermission PSDscResource_SqlPermission PSDscResource_SqlAG PSDscResource_SqlAGDatabase PSDscResource_SqlAgentAlert PSDscResource_SqlAgentFailsafe PSDscResource_SqlAgentOperator PSDscResource_SqlAGListener PSDscResource_SqlAGReplica PSDscResource_SqlAlias PSDscResource_SqlAlwaysOnService PSDscResource_SqlConfiguration PSDscResource_SqlDatabase PSDscResource_SqlDatabaseDefaultLocation PSDscResource_SqlDatabaseMail PSDscResource_SqlDatabaseObjectPermission PSDscResource_SqlDatabaseRole PSDscResource_SqlDatabaseUser PSDscResource_SqlEndpoint PSDscResource_SqlEndpointPermission PSDscResource_SqlLogin PSDscResource_SqlMaxDop PSDscResource_SqlMemory PSDscResource_SqlProtocol PSDscResource_SqlProtocolTcpIp PSDscResource_SqlReplication PSDscResource_SqlRole PSDscResource_SqlRS PSDscResource_SqlRSSetup PSDscResource_SqlScript PSDscResource_SqlScriptQuery PSDscResource_SqlSecureConnection PSDscResource_SqlServiceAccount PSDscResource_SqlSetup PSDscResource_SqlTraceFlag PSDscResource_SqlWaitForAG PSDscResource_SqlWindowsFirewall PSIncludes_DscResource</S>
          <S N="developmentDependency">False</S>
          <S N="updated">2023-01-18T09:01:54Z</S>
          <S N="NormalizedVersion">16.0.0</S>
          <S N="Authors">DSC Community</S>
          <S N="IsPrerelease">false</S>
          <S N="ItemType">Module</S>
          <S N="FileList">SqlServerDsc.nuspec|DSCResources\DSC_SqlDatabase\DSC_SqlDatabase.psm1|SqlServerDsc.psm1|DSCResources\DSC_SqlDatabase\README.md|SqlServerDsc.psd1|DSCResources\DSC_SqlDatabase\DSC_SqlDatabase.schema.mof|en-US\about_SqlPermission.help.txt|DSCResources\DSC_SqlReplication\DSC_SqlReplication.schema.mof|en-US\SqlPermission.strings.psd1|DSCResources\DSC_SqlReplication\DSC_SqlReplication.psm1|en-US\SqlServerDsc.strings.psd1|DSCResources\DSC_SqlReplication\README.md|en-US\about_SqlServerDsc.help.txt|DSCResources\DSC_SqlProtocolTcpIp\DSC_SqlProtocolTcpIp.schema.mof|en-US\about_SqlDatabasePermission.help.txt|DSCResources\DSC_SqlProtocolTcpIp\DSC_SqlProtocolTcpIp.psm1|en-US\about_SqlAudit.help.txt|DSCResources\DSC_SqlProtocolTcpIp\README.md|en-US\SqlResourceBase.strings.psd1|DSCResources\DSC_SqlRole\DSC_SqlRole.psm1|en-US\ResourceBase.strings.psd1|DSCResources\DSC_SqlRole\DSC_SqlRole.schema.mof|en-US\SqlAudit.strings.psd1|DSCResources\DSC_SqlRole\README.md|en-US\SqlDatabasePermission.strings.psd1|DSCResources\DSC_SqlAGReplica\DSC_SqlAGReplica.psm1|Modules\SqlServerDsc.Common\SqlServerDsc.Common.psd1|DSCResources\DSC_SqlAGReplica\DSC_SqlAGReplica.schema.mof|Modules\SqlServerDsc.Common\SqlServerDsc.Common.psm1|DSCResources\DSC_SqlAGReplica\README.md|DSCResources\DSC_SqlScriptQuery\DSC_SqlScriptQuery.schema.mof|DSCResources\DSC_SqlServiceAccount\DSC_SqlServiceAccount.psm1|DSCResources\DSC_SqlScriptQuery\DSC_SqlScriptQuery.psm1|DSCResources\DSC_SqlServiceAccount\DSC_SqlServiceAccount.schema.mof|DSCResources\DSC_SqlScriptQuery\README.md|DSCResources\DSC_SqlServiceAccount\README.md|DSCResources\DSC_SqlEndpoint\DSC_SqlEndpoint.psm1|DSCResources\DSC_SqlDatabaseRole\DSC_SqlDatabaseRole.psm1|DSCResources\DSC_SqlEndpoint\DSC_SqlEndpoint.schema.mof|DSCResources\DSC_SqlDatabaseRole\README.md|DSCResources\DSC_SqlEndpoint\README.md|DSCResources\DSC_SqlDatabaseRole\DSC_SqlDatabaseRole.schema.mof|DSCResources\DSC_SqlAgentOperator\DSC_SqlAgentOperator.psm1|Modules\DscResource.Common\0.11.1\DscResource.Common.psd1|DSCResources\DSC_SqlAgentOperator\DSC_SqlAgentOperator.schema.mof|Modules\DscResource.Common\0.11.1\DscResource.Common.psm1|DSCResources\DSC_SqlAgentOperator\README.md|Modules\SqlServerDsc.Common\sv-SE\SqlServerDsc.Common.strings.psd1|DSCResources\DSC_SqlTraceFlag\DSC_SqlTraceFlag.psm1|Modules\SqlServerDsc.Common\en-US\SqlServerDsc.Common.strings.psd1|DSCResources\DSC_SqlTraceFlag\DSC_SqlTraceFlag.schema.mof|DSCResources\DSC_SqlScriptQuery\en-US\about_SqlScriptQuery.help.txt|DSCResources\DSC_SqlTraceFlag\README.md|DSCResources\DSC_SqlScriptQuery\en-US\DSC_SqlScriptQuery.strings.psd1|DSCResources\DSC_SqlAGDatabase\DSC_SqlAGDatabase.schema.mof|DSCResources\DSC_SqlEndpoint\en-US\DSC_SqlEndpoint.strings.psd1|DSCResources\DSC_SqlAGDatabase\README.md|DSCResources\DSC_SqlEndpoint\en-US\about_SqlEndpoint.help.txt|DSCResources\DSC_SqlAGDatabase\DSC_SqlAGDatabase.psm1|DSCResources\DSC_SqlAgentOperator\en-US\about_SqlAgentOperator.help.txt|DSCResources\DSC_SqlAG\DSC_SqlAG.schema.mof|DSCResources\DSC_SqlAgentOperator\en-US\DSC_SqlAgentOperator.strings.psd1|DSCResources\DSC_SqlAG\DSC_SqlAG.psm1|DSCResources\DSC_SqlTraceFlag\en-US\DSC_SqlTraceFlag.strings.psd1|DSCResources\DSC_SqlAG\README.md|DSCResources\DSC_SqlTraceFlag\en-US\about_SqlTraceFlag.help.txt|DSCResources\DSC_SqlMaxDop\DSC_SqlMaxDop.schema.mof|DSCResources\DSC_SqlAGDatabase\en-US\about_SqlAGDatabase.help.txt|DSCResources\DSC_SqlMaxDop\DSC_SqlMaxDop.psm1|DSCResources\DSC_SqlAGDatabase\en-US\DSC_SqlAGDatabase.strings.psd1|DSCResources\DSC_SqlMaxDop\README.md|DSCResources\DSC_SqlAG\en-US\about_SqlAG.help.txt|DSCResources\DSC_SqlAgentFailsafe\DSC_SqlAgentFailsafe.psm1|DSCResources\DSC_SqlAG\en-US\DSC_SqlAG.strings.psd1|DSCResources\DSC_SqlAgentFailsafe\DSC_SqlAgentFailsafe.schema.mof|DSCResources\DSC_SqlMaxDop\en-US\DSC_SqlMaxDop.strings.psd1|DSCResources\DSC_SqlAgentFailsafe\README.md|DSCResources\DSC_SqlMaxDop\en-US\about_SqlMaxDop.help.txt|DSCResources\DSC_SqlAgentAlert\DSC_SqlAgentAlert.schema.mof|DSCResources\DSC_SqlAgentFailsafe\en-US\about_SqlAgentFailsafe.help.txt|DSCResources\DSC_SqlAgentAlert\DSC_SqlAgentAlert.psm1|DSCResources\DSC_SqlAgentFailsafe\en-US\DSC_SqlAgentFailsafe.strings.psd1|DSCResources\DSC_SqlAgentAlert\README.md|DSCResources\DSC_SqlAgentAlert\en-US\DSC_SqlAgentAlert.strings.psd1|DSCResources\DSC_SqlScript\DSC_SqlScript.schema.mof|DSCResources\DSC_SqlAgentAlert\en-US\about_SqlAgentAlert.help.txt|DSCResources\DSC_SqlScript\DSC_SqlScript.psm1|DSCResources\DSC_SqlScript\en-US\DSC_SqlScript.strings.psd1|DSCResources\DSC_SqlScript\README.md|DSCResources\DSC_SqlScript\en-US\about_SqlScript.help.txt|DSCResources\DSC_SqlSetup\DSC_SqlSetup.schema.mof|DSCResources\DSC_SqlSetup\sv-SE\DSC_SqlSetup.strings.psd1|DSCResources\DSC_SqlSetup\DSC_SqlSetup.psm1|DSCResources\DSC_SqlSetup\en-US\DSC_SqlSetup.strings.psd1|DSCResources\DSC_SqlSetup\README.md|DSCResources\DSC_SqlSetup\en-US\about_SqlSetup.help.txt|DSCResources\DSC_SqlAGListener\DSC_SqlAGListener.psm1|DSCResources\DSC_SqlAGListener\en-US\DSC_SqlAGListener.strings.psd1|DSCResources\DSC_SqlAGListener\DSC_SqlAGListener.schema.mof|DSCResources\DSC_SqlAGListener\en-US\about_SqlAGListener.help.txt|DSCResources\DSC_SqlAGListener\README.md|DSCResources\DSC_SqlDatabaseMail\en-US\about_SqlDatabaseMail.help.txt|DSCResources\DSC_SqlDatabaseMail\DSC_SqlDatabaseMail.psm1|DSCResources\DSC_SqlDatabaseMail\en-US\DSC_SqlDatabaseMail.strings.psd1|DSCResources\DSC_SqlDatabaseMail\DSC_SqlDatabaseMail.schema.mof|DSCResources\DSC_SqlRSSetup\en-US\DSC_SqlRSSetup.strings.psd1|DSCResources\DSC_SqlDatabaseMail\README.md|DSCResources\DSC_SqlRSSetup\en-US\about_SqlRSSetup.help.txt|DSCResources\DSC_SqlRSSetup\DSC_SqlRSSetup.schema.mof|DSCResources\DSC_SqlDatabaseObjectPermission\en-US\DSC_SqlDatabaseObjectPermission.strings.psd1|DSCResources\DSC_SqlRSSetup\DSC_SqlRSSetup.psm1|DSCResources\DSC_SqlDatabaseObjectPermission\en-US\about_SqlDatabaseObjectPermission.help.txt|DSCResources\DSC_SqlRSSetup\README.md|DSCResources\DSC_SqlWaitForAG\en-US\DSC_SqlWaitForAG.strings.psd1|DSCResources\DSC_SqlDatabaseObjectPermission\DSC_SqlDatabaseObjectPermission.schema.mof|DSCResources\DSC_SqlWaitForAG\en-US\about_SqlWaitForAG.help.txt|DSCResources\DSC_SqlDatabaseObjectPermission\DSC_SqlDatabaseObjectPermission.psm1|DSCResources\DSC_SqlDatabaseDefaultLocation\en-US\DSC_SqlDatabaseDefaultLocation.strings.psd1|DSCResources\DSC_SqlDatabaseObjectPermission\README.md|DSCResources\DSC_SqlDatabaseDefaultLocation\en-US\about_SqlDatabaseDefaultLocation.help.txt|DSCResources\DSC_SqlWaitForAG\DSC_SqlWaitForAG.schema.mof|DSCResources\DSC_SqlDatabaseUser\en-US\DSC_SqlDatabaseUser.strings.psd1|DSCResources\DSC_SqlWaitForAG\DSC_SqlWaitForAG.psm1|DSCResources\DSC_SqlDatabaseUser\en-US\about_SqlDatabaseUser.help.txt|DSCResources\DSC_SqlWaitForAG\README.md|DSCResources\DSC_SqlLogin\en-US\about_SqlLogin.help.txt|DSCResources\DSC_SqlDatabaseDefaultLocation\DSC_SqlDatabaseDefaultLocation.schema.mof|DSCResources\DSC_SqlLogin\en-US\DSC_SqlLogin.strings.psd1|DSCResources\DSC_SqlDatabaseDefaultLocation\README.md|DSCResources\DSC_SqlRS\en-US\DSC_SqlRS.strings.psd1|DSCResources\DSC_SqlDatabaseDefaultLocation\DSC_SqlDatabaseDefaultLocation.psm1|DSCResources\DSC_SqlRS\en-US\about_SqlRS.help.txt|DSCResources\DSC_SqlDatabaseUser\DSC_SqlDatabaseUser.schema.mof|DSCResources\DSC_SqlConfiguration\en-US\about_SqlConfiguration.help.txt|DSCResources\DSC_SqlDatabaseUser\README.md|DSCResources\DSC_SqlConfiguration\en-US\DSC_SqlConfiguration.strings.psd1|DSCResources\DSC_SqlDatabaseUser\DSC_SqlDatabaseUser.psm1|DSCResources\DSC_SqlWindowsFirewall\en-US\about_SqlWindowsFirewall.help.txt|DSCResources\DSC_SqlLogin\README.md|DSCResources\DSC_SqlWindowsFirewall\en-US\DSC_SqlWindowsFirewall.strings.psd1|DSCResources\DSC_SqlLogin\DSC_SqlLogin.schema.mof|DSCResources\DSC_SqlAlwaysOnService\en-US\about_SqlAlwaysOnService.help.txt|DSCResources\DSC_SqlLogin\DSC_SqlLogin.psm1|DSCResources\DSC_SqlAlwaysOnService\en-US\DSC_SqlAlwaysOnService.strings.psd1|DSCResources\DSC_SqlRS\DSC_SqlRS.schema.mof|DSCResources\DSC_SqlSecureConnection\en-US\DSC_SqlSecureConnection.strings.psd1|DSCResources\DSC_SqlRS\DSC_SqlRS.psm1|DSCResources\DSC_SqlSecureConnection\en-US\about_SqlSecureConnection.help.txt|DSCResources\DSC_SqlRS\README.md|DSCResources\DSC_SqlEndpointPermission\en-US\about_SqlEndpointPermission.help.txt|DSCResources\DSC_SqlConfiguration\DSC_SqlConfiguration.psm1|DSCResources\DSC_SqlEndpointPermission\en-US\DSC_SqlEndpointPermission.strings.psd1|DSCResources\DSC_SqlConfiguration\DSC_SqlConfiguration.schema.mof|DSCResources\DSC_SqlProtocol\en-US\about_SqlProtocol.help.txt|DSCResources\DSC_SqlConfiguration\README.md|DSCResources\DSC_SqlProtocol\en-US\DSC_SqlProtocol.strings.psd1|DSCResources\DSC_SqlWindowsFirewall\DSC_SqlWindowsFirewall.psm1|DSCResources\DSC_SqlMemory\en-US\about_SqlMemory.help.txt|DSCResources\DSC_SqlWindowsFirewall\DSC_SqlWindowsFirewall.schema.mof|DSCResources\DSC_SqlMemory\en-US\DSC_SqlMemory.strings.psd1|DSCResources\DSC_SqlWindowsFirewall\README.md|DSCResources\DSC_SqlAlias\en-US\DSC_SqlAlias.strings.psd1|DSCResources\DSC_SqlAlwaysOnService\DSC_SqlAlwaysOnService.psm1|DSCResources\DSC_SqlAlias\en-US\about_SqlAlias.help.txt|DSCResources\DSC_SqlAlwaysOnService\DSC_SqlAlwaysOnService.schema.mof|DSCResources\DSC_SqlDatabase\en-US\DSC_SqlDatabase.strings.psd1|DSCResources\DSC_SqlAlwaysOnService\README.md|DSCResources\DSC_SqlDatabase\en-US\about_SqlDatabase.help.txt|DSCResources\DSC_SqlSecureConnection\DSC_SqlSecureConnection.schema.mof|DSCResources\DSC_SqlReplication\en-US\DSC_SqlReplication.strings.psd1|DSCResources\DSC_SqlSecureConnection\README.md|DSCResources\DSC_SqlReplication\en-US\about_SqlReplication.help.txt|DSCResources\DSC_SqlSecureConnection\DSC_SqlSecureConnection.psm1|DSCResources\DSC_SqlProtocolTcpIp\en-US\DSC_SqlProtocolTcpIp.strings.psd1|DSCResources\DSC_SqlEndpointPermission\DSC_SqlEndpointPermission.schema.mof|DSCResources\DSC_SqlProtocolTcpIp\en-US\about_SqlProtocolTcpIp.help.txt|DSCResources\DSC_SqlEndpointPermission\DSC_SqlEndpointPermission.psm1|DSCResources\DSC_SqlRole\en-US\about_SqlRole.help.txt|DSCResources\DSC_SqlEndpointPermission\README.md|DSCResources\DSC_SqlRole\en-US\DSC_SqlRole.strings.psd1|DSCResources\DSC_SqlProtocol\DSC_SqlProtocol.schema.mof|DSCResources\DSC_SqlAGReplica\en-US\about_SqlAGReplica.help.txt|DSCResources\DSC_SqlProtocol\README.md|DSCResources\DSC_SqlAGReplica\en-US\DSC_SqlAGReplica.strings.psd1|DSCResources\DSC_SqlProtocol\DSC_SqlProtocol.psm1|DSCResources\DSC_SqlServiceAccount\en-US\about_SqlServiceAccount.help.txt|DSCResources\DSC_SqlMemory\DSC_SqlMemory.schema.mof|DSCResources\DSC_SqlServiceAccount\en-US\DSC_SqlServiceAccount.strings.psd1|DSCResources\DSC_SqlMemory\DSC_SqlMemory.psm1|DSCResources\DSC_SqlDatabaseRole\en-US\about_SqlDatabaseRole.help.txt|DSCResources\DSC_SqlMemory\README.md|DSCResources\DSC_SqlDatabaseRole\en-US\DSC_SqlDatabaseRole.strings.psd1|DSCResources\DSC_SqlAlias\DSC_SqlAlias.psm1|Modules\DscResource.Common\0.11.1\en-US\DscResource.Common.strings.psd1|DSCResources\DSC_SqlAlias\DSC_SqlAlias.schema.mof|Modules\DscResource.Common\0.11.1\en-US\about_DscResource.Common.help.txt|DSCResources\DSC_SqlAlias\README.md</S>
          <S N="GUID">693ee082-ed36-45a7-b490-88b07c86b42f</S>
          <S N="PowerShellVersion">5.0</S>
          <S N="CLRVersion">4.0</S>
          <S N="CompanyName">DSC Community</S>
        </MS>
      </Obj>
      <S N="InstalledLocation">C:\Users\Chris\Documents\PowerShell\Modules\SqlServerDsc\16.0.0</S>
    </MS>
  </Obj>
</Objs>
